Map Name,Map UID,Filename Number,Map Number Field,Issue
$<S09$> - CarDesert,56MFfDttwOA2OYSID3FTkZ0sK3,N/A,09,Number not found in filename
$<S05$> - CarRally,7FEjk6gUmnmxuNTEGPx81renCaj,N/A,05,Number not found in filename
$<T07$> - CarDesert,7RFO1dFeeClOGfHoMADE6eKYYog,N/A,17,Number not found in filename
Wood T02,BqLwIBla2FPSVy5x65Yu4VvwJ1b,N/A,12,Number not found in filename
$w$i$o$s$ff0S$fffummer $0ffF$fffrost (1-Down),BuufHMA1DTfrCDsBEQ6sFx6Ii6d,N/A,,Number not found in filename
Fall 21 (Mirror),esZrih9ocNT75b3caGg0DdjbJy7,N/A,21,Number not found in filename
S07 CP-Boost,FjnlgN6H8t5t0z61r3pKKzpgDQ4,N/A,07,Number not found in filename
Summer 2023 - There&Back 17,FkPfL5Haz4qmf5QzZLhsvwYfl30,N/A,17,Number not found in filename
S01 RNG Booster,fPbSR_TcCm6jDtg99ddm12dsWk2,N/A,01,Number not found in filename
Icy RR Winter 2023 18,IkwuO3B1meoDyrbcfhwKuIc2AYc,N/A,18,Number not found in filename
S01 Boosterless,J8Bi7jHO4RlmeVaYI__MUuH8jr5,N/A,01,Number not found in filename
Fall 08 (Mirror),puNpmVUJq9yjBfupSsxskW6m5Z1,N/A,08,Number not found in filename
[Rally] S10 - CP1 is End,RUpQLVbbPPVYQJSq14y3_LPwaj9,N/A,10,Number not found in filename
Green BOSS - Summer'23,RWqMidQIlNSrxzqeI4F8gwcz53h,N/A,23,Number not found in filename
Super24,tbUB3ytvxSt0wf1jp09lZNsxa1h,N/A,,Number not found in filename
Red BOSS - Summer'23,X20S3xoocQ41Kk3jjO4yH7xBpB8,N/A,23,Number not found in filename
Winter 2024 - Section 3 Joined,exSsK_v6RR4wEMxWf3hcFZGn4_i,N/A,,Number not found in filename
S14 CP-Boost,kI1xnfy_5i3w255PxHHxuH5_E_i,N/A,14,Number not found in filename
Spring 2023 - Section 8 Joined,MIr9mvgQ_umNyyrn7tobIomOBm5,N/A,,Number not found in filename
Spring 2023 - There&Back 22,MkMCwzwUa6Wc_2AtfsmtoQR7Sra,N/A,22,Number not found in filename
Fall 2022 poolhunter $eb7Featuring TnTree,sACcNyN0nkW78zYVmIHExJYP2I7,N/A,,Number not found in filename
S14 (1-UP),4gEHzw29jsI3pITkxUlL0p6btti,N/A,14,Number not found in filename
T09 Boosterless,9jgGUDYyap_KsjTlIZrC6S8Dea0,N/A,19,Number not found in filename
Icy RR Winter 2023 12,cIL7oNCAMimfBUJU0y_Tgys_wlh,N/A,12,Number not found in filename
S13 (1-DOWN),dYo1znqIvsoUQB87J01FLdCKr2d,N/A,13,Number not found in filename
T07 - Sky  Finish,ELqfqH0GxJyyXdpEkcNVdygoVr9,N/A,17,Number not found in filename
S06 Short,NBjG6zkHIq_Rt2kvIJQfXphMxrd,N/A,06,Number not found in filename
Spring 2023 - There&Back 06,ncUXyXcAjpCdjyqJOth5o7mUsXl,N/A,06,Number not found in filename
Spring 2020 - S02 FreeWheel,Pg_oOYnOawerwUSGbMAhYO2iR44,N/A,02,Number not found in filename
S01,poje8Ki8VVZvYsT9CNzAXBOdxx1,N/A,01,Number not found in filename
T06 Short,tSw4lKXiRnXhiRobyovKalkTcsi,N/A,16,Number not found in filename
$<T04$> - CarRally,uhMoNh_LsUcXXaZCBCFYBhxN859,N/A,14,Number not found in filename
S05 CP1 is End,vznCNhFJLk5ll1TZMKfyVXo61Mm,N/A,05,Number not found in filename
$w$i$o$s$ff0S$fffummer $0ffF$fffrost (1-For),W0Fjnf521f9W8PRjSKCWLOHBlea,N/A,,Number not found in filename
Fall 2021 - White Combined,yxLPb2CNkQOM3zyASgdS02Ypjef,N/A,,Number not found in filename
S03,Zg_1ydkKTRMD4R9UFqsMrMqn4A3,N/A,03,Number not found in filename
White BOSS - Summer'23,78IR8TsqD9mhNVVq847NWpSATY3,N/A,23,Number not found in filename
T08,QuXoCxvNJUuKFAcDMIPT_BKjRBa,N/A,18,Number not found in filename
$w$i$o$s$ff0S$fffummer $0ffF$fffrost (Underwater),F2_dgx2DQ1SNLgjtAyyhZ61Uxwf,N/A,,Number not found in filename
S08 CP1 is End,IX28K_Nhg5Ko3itb0zxRb9U_Y_k,N/A,08,Number not found in filename
Fall 2022 - There&Back 17,Q6Sm6noA97qXNDgXn2AG_xaqzCk,N/A,17,Number not found in filename
Icy S13,2i5P2rHJTWdhSqsCXN_VOAqiKAl,N/A,13,Number not found in filename
S03 (1-DOWN),4YqRIB0AxEhdmLDzO2ZMRMdZgV,N/A,03,Number not found in filename
Spring 2022 Supersized 10,7DeE57Cz8YnG0enoStn5kt6wgo2,N/A,10,Number not found in filename
Summer 2023 - There&Back 02,gi8N2Weq9E3JagshuoUBb_viJ_7,N/A,02,Number not found in filename
Fall 2022 - There&Back 02,YcTn7u6nBLiTwpBKMGRk9CAMPW6,N/A,02,Number not found in filename
Fall 2021 03 Big,Z6pYh7XmQ7BYh2nwfF8vQGaQbgm,N/A,03,Number not found in filename
$<T04$> - CarDesert,6gQWaSWO10lnbzZhUR6W1VIGUI0,N/A,14,Number not found in filename
Super21,f1wKtCAAR6MJjmU4YwB3P0W8lJd,N/A,,Number not found in filename
YEET S02,hBzUTAynTMijr3kuiY2bH3_tcGd,N/A,02,Number not found in filename
Spring 2020 - S06 FreeWheel,hPc0t1BYDWHOB8fUr0XUP2U61k8,N/A,06,Number not found in filename
Fall 2023 - There&Back 19,JgftuNy_qKeeLhvJIon7VewTaK2,N/A,19,Number not found in filename
$<S10$> - CarDesert,JRx_13DyYTopIglpEsnfE8GjbO4,N/A,10,Number not found in filename
Wood S11,LF5aoIsp0pn0oa9kjaRAapKKKwe,N/A,11,Number not found in filename
Training - 16 17 18 19 Surfaceless,pkkQ6_9uJ30rQ7jM4r9FUp_lpRm,16,19,Filename number does not match mapNumber field
T03 cpless,rTi3wPncF3b_b4ZBbZPda7XNtyh,N/A,13,Number not found in filename
S12 - Flooded,UwhwG2GmovnFvU6krRlJH8Jay1b,N/A,12,Number not found in filename
EuroSky II [EASY MODE],1JFJh7ZdY5uKY07EdB5cM1kVUv,N/A,,Number not found in filename
S07 Boosterless,348mb2MDp17LAJU5fKJ4kkgDXC8,N/A,07,Number not found in filename
YEET S07,8dcJ2d4OLytmoeQTIGPFIjidaee,N/A,07,Number not found in filename
Summer 2023 - Section 1 Joined,8Qu2bo8qZBNHgE5IOVodlplvyJa,N/A,,Number not found in filename
Grip - Podium,ArfrJqQPie8IExIVPyA2JVOBCz3,N/A,,Number not found in filename
T01 STTF,CVq6MHMXTF21OLxUcKXWjFrQP3k,N/A,11,Number not found in filename
Fall 2023 - Section 16 Joined,Hzud9jZI89KUnGdIRWDMSgImyhh,N/A,,Number not found in filename
Fall 14 (Mirror),n66sqgaD_gGDQCGxQ4VoWtXLYCi,N/A,14,Number not found in filename
$<S03$> - CarRally,uTr4n2ccMSB93FzpE8oz5uNE3o,N/A,03,Number not found in filename
S02 (1-UP),7nxvl2nfVl3Ne0lWXGr_Au6AxDe,N/A,02,Number not found in filename
[Snow] $<Training - 21 & 24 Wood$>,7SmoJ9XnX0Oim9dULOvUWWgrYwl,21,24,Filename number does not match mapNumber field
Summer 2024 - Replay 04,cARf0TDvXPwkqyd3Hj6LarAzBfm,N/A,04,Number not found in filename
T07,XG08sh2k3DDYerpnNSpMMKZ4fyi,N/A,17,Number not found in filename
T03 - Sky Finish,Fl7ydHf6bXSN_NRR06nFy3qHki9,N/A,13,Number not found in filename
Winter 2024 - Section 1 Joined,hHxUpJzh4Tq0OXPrde3J2tUKhMk,N/A,,Number not found in filename
Winter 2023 - There&Back 09,IkwK2DAcgo0e9D69ewhgkKzcbTm,N/A,09,Number not found in filename
S08 STTF,jUrgfP8PrGsFwGCGrI4JiJivVr7,N/A,08,Number not found in filename
$3C0S$4C0pr$5D1i$6D1n$7D1g $8D12$9D10$9E2 $AE2-$BE2 T$CE2i$DE2l$EF3te$FF3d,pekwzU_rtc3r9PlSMAZRvpp3qr8,N/A,20,Number not found in filename
S14 CP1 is End,QCSTsOutOaBQv6K55vXK6ifrbee,N/A,14,Number not found in filename
Fall 2021 07 Big,QjpKW1SnXauCyPVRcdq6DtHMOCi,N/A,07,Number not found in filename
Winter 2023 - There&Back 21,qxq_Q5rkA_LPXknoBMcBXdlFVu2,N/A,21,Number not found in filename
$<S02$> - CarSnow,s8lX1qDEXuvqAPXW6yCcQVXV8B9,N/A,02,Number not found in filename
T07 - Flooded,sA7ehgxqiO1pcAQ0OMyq5jwRp6a,N/A,17,Number not found in filename
S04,a1lEMQlJXDQ4LA9FNiiSHmcwUg4,N/A,04,Number not found in filename
T03 1-forward,_qxwb094G3xVM_l_eJAxnCLwcS8,N/A,13,Number not found in filename
S06 CP-Boost,408f2NKASMjSi31vQ4llXRLFq0,N/A,06,Number not found in filename
T06 (1-DOWN),5cyxlovCIY8IgnGTz1iTaUxfWX,N/A,16,Number not found in filename
$<S03$> - CarSnow,5hHTEMk0fBjlcCqRP1GvZs2TQEh,N/A,03,Number not found in filename
T07 Short,D1Z6OwWLMBHQaSsxRsTyANS64tk,N/A,17,Number not found in filename
Fall 2023 - Section 12 Joined,HdrLjfW_QFDa2tC9wdDjsbekNG4,N/A,,Number not found in filename
S06 - Sky Finish,jaSFKpqeMeLVKYtmvuaumPvxIB3,N/A,06,Number not found in filename
[Rally] T05 - CP1 is End,lBNFw1pPwMIfAsVl3wbW51ThlS,N/A,15,Number not found in filename
Winter 2024 - Section 4 Joined,oPnW38WYhf0PqJZoCSbeWb_AuQh,N/A,,Number not found in filename
Super19,vPa_Onj7fswOaL7WdIajF1JKdJf,N/A,,Number not found in filename
Frosty - Podium,WsLVRVBOeuC7yhUuK__ykAnJgok,N/A,,Number not found in filename
Summer 2024 - Replay 17,XuooxkTnLl2kuqeAX3ClEELXWu7,N/A,17,Number not found in filename
Spring 2023 - Section 6 Joined,xxlRtoKiccH0VUm7gWZfbX9ZdX2,N/A,,Number not found in filename
S05 - Sky Finish,_erKMQv4mHiHLJZf_9KutxOx_m2,N/A,05,Number not found in filename
T09,_gqdWt54s9LYGVbZuuLfwZKyndl,N/A,19,Number not found in filename
T03 - Flooded,cZqmygYtLvOReYaVl4EnZhiite5,N/A,13,Number not found in filename
Spring 2023 - There&Back 12,D4SELdivRHg7hNyZxv__0urAbl2,N/A,12,Number not found in filename
Winter 2023 - There&Back 06,gPLoTC4gHpfBreZZPXKIXCx2fga,N/A,06,Number not found in filename
$<S13$> - CarRally,iZq6qBSnrNNQ2vD8Nq0u9Rf2zC6,N/A,13,Number not found in filename
Summer 2023 - Section 12 Joined,O2VEE8BBCRF_jb4_NjXrYkhH6_5,N/A,,Number not found in filename
Wet Plastic Training - 21 & 24,OyaNbAz6JAbUle4w_ansBeLfCw3,21,24,Filename number does not match mapNumber field
T04 Boosterless,oYvmP07b2LuFz14xQ6NzVXMZUGd,N/A,14,Number not found in filename
Summer 2023 - There&Back 01,pOEAut67vS7ovmrsWduY6GW7z8e,N/A,01,Number not found in filename
Summer 2024 - Replay 06,whK_pmDAGyhmatYrEvgDKwXCMb0,N/A,06,Number not found in filename
$3C0S$4C0pr$5D1i$6D1n$7D1g $8D11$9D17$9E2 $AE2-$BE2 T$CE2i$DE2l$EF3te$FF3d,2ZlOWoLUJ_lr95ebNLIwlC0_Jo9,N/A,17,Number not found in filename
Icy S06,5VjIFYbvPUdv0gDSkgj0HgiOnng,N/A,06,Number not found in filename
Summer 2023 - There&Back 04,8tifpA6cAU83_jOvYlG15P4kutb,N/A,04,Number not found in filename
Fall 03 (BLIND),bfYyFo87BxTUI43zPpiu6cmMIX0,N/A,03,Number not found in filename
final boss,e_mTjgfxuHmKaMgQrQ9qvquhkCd,N/A,,Number not found in filename
S12 CP-Boost,G9zBzedqcamALj5iBqiCaZvVn7f,N/A,12,Number not found in filename
[Rally] S05 - CP1 is End,JiUDuOgteEvE2Z9fAx9ixFIIABc,N/A,05,Number not found in filename
Spring 2020 - T07 FreeWheel,ONZ389OC9T664zmSDuGsoRj2pMi,N/A,17,Number not found in filename
Spring 2023 - Section 4 Joined,oRZNC6vZeCA7TrmrTmgh0CTz9q6,N/A,,Number not found in filename
Icy S01,qEp5MMdSJj2jciGkjzw2C6cQ6M1,N/A,01,Number not found in filename
Summer 2024 - Replay 13,tNlE_kZkj0ETfmiGz2NWQL8cWve,N/A,13,Number not found in filename
Fall 2021 12 Big,19xG_jjckF3ka_eXDaotqCzX923,N/A,12,Number not found in filename
Fall 2022 - There&Back 01,3IkSMiMqTONVLu8nUDvdafPRNd5,N/A,01,Number not found in filename
$<T08$> - CarRally,CqbeLhn2O5TCMCHkhNwk4NyVlR,N/A,18,Number not found in filename
S08 - Sky Finish,EBR6vbbApkjXn521ebrfu8YnHw4,N/A,08,Number not found in filename
[Rally] S06 - CP1 is End,GsVWTNUmqk6jnakGgnpQ_jHX4im,N/A,06,Number not found in filename
T06,ZY1Gmf1oTCFDONgz_SOhWLLiuSm,N/A,16,Number not found in filename
YEET S11,lre92SEHZozdrP68SIubxEJe9f0,N/A,11,Number not found in filename
Fall 01 But It's Rearranged,pwOTqVkNmf3_WR0EFDdjHM9ILab,N/A,01,Number not found in filename
Summer 2024 - Replay 08,QaZn4Rq8aLIGRSfilLkbeiseSk7,N/A,08,Number not found in filename
Summer 2023 - Section 6 Joined,uaOUGxjHedI8rJa2ymaDwO8pOPi,N/A,,Number not found in filename
Fall 25 (Mirror),XkeZfUrvsVgRaTza3cWbNUxU5ih,N/A,25,Number not found in filename
$<T05$> - CarRally,0eEzbLJARLd0_0QnnhOymtcuCtl,N/A,15,Number not found in filename
S14 1-forward,3F4BAv2M8ucF5poXlwJzt5KF9cj,N/A,14,Number not found in filename
S15 1-forward,cHiRnq5kQS8oCsXUsWsHtm0bE_m,N/A,15,Number not found in filename
Fall 2023 - There&Back 06,D3cw81qHGW0kDON1NCcPxW4Rcn3,N/A,06,Number not found in filename
$<T08$> - CarDesert,DXEYbTYeoAzWa16zgyl1J3USIjl,N/A,18,Number not found in filename
Icy T09,h7aU1RQ9JO6DN7vZSK8l9Ei22J5,N/A,19,Number not found in filename
$<T05$> - CarSnow,NRqmEu_YjslSk_rlrEGv5VFx9_6,N/A,15,Number not found in filename
$w$i$o$s$ff0S$fffummer $0ffF$fffrost (CS-SC),pQsW3Cfo5IlGAbJWiqOkefmiqo0,N/A,,Number not found in filename
S08 (1-UP),ptgn_Rif8IicQ0K0h5oX5Nr9eNb,N/A,08,Number not found in filename
S09 (1-DOWN),T8cCR671G1ETdHHBgA4P0tZPNxi,N/A,09,Number not found in filename
Wntr 22 2 bt ony hlf te blks,TwPcOQqRllHY9ObbwPTGrU0geh1,N/A,22,Number not found in filename
Fall 19 (Mirror),URGIQW57Z3TzJy6azRJPCQUm6H6,N/A,19,Number not found in filename
T08 - Flooded,wVG2hHI42naXvJuFZbOSZdRIzwm,N/A,18,Number not found in filename
$<S07$> - CarDesert,yPzQ5KjZdXmxptcRGNW7tA4Vk4a,N/A,07,Number not found in filename
Spring 2023 - Section 5 Joined,zucQp03FZTd9O6GCJUbPJNzG_ac,N/A,,Number not found in filename
S12 cpless,4_IUz2OSAuTnJsrvjYx5MTzuMua,N/A,12,Number not found in filename
Training - White Combined,5CAVqebgYYS9RiZMTX098cpNZAj,N/A,,Number not found in filename
$3C0S$4C0pr$5D1i$6D1n$7D1g $8D12$9D14$9E2 $AE2-$BE2 T$CE2i$DE2l$EF3te$FF3d,B0h89vgFxYJHKmZqKVbDMbGmU0f,N/A,24,Number not found in filename
$<S05$> - CarSnow,BCZQ_RNEgMv9q_p97QxuFfiqtV4,N/A,05,Number not found in filename
Super02,MxE9k0C5TBiEzZ4q1ntEwCof3E8,N/A,,Number not found in filename
$<S15$> - CarDesert,uBiep7UrperWn7ioZ_i7O7fnx27,N/A,15,Number not found in filename
T03 STTF,usLGMvBWzEUaCEWu_EVTpbt_Si2,N/A,13,Number not found in filename
Training - Rainbow Combined,VH_A9MiEO2_4UcDNRFUj2eaFTfc,N/A,,Number not found in filename
$w$i$o$s$ff0S$fffummer $0ffF$fffrost (1-up),VucUlPYjp5XTJhicZp_3GzN80v5,N/A,,Number not found in filename
S08,K7nhXeWHt8qY8xJsBz2RkOjUpg8,N/A,08,Number not found in filename
Winter 2023 - There&Back 16,wvHvPDHvMXgT2h2vBYRA2OPXlz3,N/A,16,Number not found in filename
$<S10$> - CarSnow,YWRq4ARjZyp7N2sJG8AEoRAsF6c,N/A,10,Number not found in filename
S06,4B2UrTFqTsH_ugVWqGX1EPq4zWf,N/A,06,Number not found in filename
$<S09$> - CarSnow,4ycoSWM23aIqKaSV7voVOEEVtj9,N/A,09,Number not found in filename
Spring 2023 - There&Back 15,a01YA2E1bklrBOiVQyHPix2KeO6,N/A,15,Number not found in filename
S09,qIVkpjFcBnkETRZAd78iDb3Eypb,N/A,09,Number not found in filename
$<S11$> - CarDesert,CLTQp0Bfjtnnfqpbx1mYwONmfH8,N/A,11,Number not found in filename
Icy S07,kiq7yedjfysRdt0AoIhH37_Kw7j,N/A,07,Number not found in filename
Spring 2023 - There&Back 18,tXqUanoewsufMYfz8puYG4SyKq7,N/A,18,Number not found in filename
$<S13$> - CarSnow,UWN8KOs3yr_ZybsxKUGXZYHo2e7,N/A,13,Number not found in filename
Pool - Podium,V3M2en47a19iUfH6UUIIW8attf3,N/A,,Number not found in filename
Icy Stally,vGRsOv7FQ5RDQjXgxMOu5LuqVnl,N/A,,Number not found in filename
Fall 2023 - Section 3 Joined,yJuT6w_UTOdtdljkaQcCXRV5pSb,N/A,,Number not found in filename
Fall 2021 01 Big,Zl6weF7yM42GvB_Z4ilR24Q_l49,N/A,01,Number not found in filename
$<S12$> - CarSnow,zzxnFB2OtcLWz1zQk3Tw4gXlDTb,N/A,12,Number not found in filename
S08 cpless,81qa3EMUQ3wGeUu5ns6K1eJya3c,N/A,08,Number not found in filename
S12 - Sky Finish,9GtPuP72E7PAKfp8U2bsXdr3Xg7,N/A,12,Number not found in filename
$<S14$> - CarSnow,bf2Lw8GKTwXODxvlnn_cCDVzgi2,N/A,14,Number not found in filename
S05 (1-UP),Bsfrhzk9Leyem03xjY4DT2kv8M,N/A,05,Number not found in filename
T08 CP-Boost,Do2Yr28FyRO3xbZcIQTRGxbrTCk,N/A,18,Number not found in filename
Vortex - Podium,ETNaKD5gFUQ_rqRCH6lY3urBNSb,N/A,,Number not found in filename
S07 (1-UP),H7Dxw6x_KmkVnmXkcwvRg9BCpVe,N/A,07,Number not found in filename
T10 CP1 is End,INqNqwMKPDXX_62LeUTPzj_zm1k,N/A,20,Number not found in filename
S11 CP1 is End,PlSeAZij9vDEI9v1fwXrrscXDDh,N/A,11,Number not found in filename
T08 (1-DOWN),TE5TfkoIOerXvMbjzZdT7ZwPcNg,N/A,18,Number not found in filename
T04 CP-Boost,vDHlEzflpFZr9QJlwyDuJrhA5Ce,N/A,14,Number not found in filename
T04 (1-DOWN),WDOLTqdouA9KDfgkUcKiMvDSZTl,N/A,14,Number not found in filename
Winter 2023 - There&Back 23,ZDRpOoVOIGWga6M9vGqWr8TZvpb,N/A,23,Number not found in filename
T10 - Sky Finish,_dfdOp6O7at0dLofNM7MfLThF3b,N/A,20,Number not found in filename
Wood S09,_S2ccqmxPuhQ1FHhBgdLtjgpKgi,N/A,09,Number not found in filename
Fall 10 but you're in a downward spiral,2DakC9j3PstgGPKRuLpIldGRl53,N/A,10,Number not found in filename
Grassline [EASY MODE],Bc7RPfeR_v8tHirO4uM5LNueEz4,N/A,,Number not found in filename
S12 RNG Booster,F6oh_DVKGLoV8T21Ga0u5VmpPxg,N/A,12,Number not found in filename
Spring 2022 Supersized 16,gAZsLCimAADZFXhdryrK3KRb17f,N/A,16,Number not found in filename
$<S14$> - CarRally,iNAQGBaNDW3tGAbCapHxwAV5YH9,N/A,14,Number not found in filename
Spring 2020 - S07 FreeWheel,Jja8n5SDOUTcwCqbaSUcr2II967,N/A,07,Number not found in filename
Spring 2022 Supersized 24,JQ0CPnSoMzNbTSiQVpWTIInzNwf,N/A,24,Number not found in filename
$<S12$> - CarDesert,LHpx54tfkDKZJpv7IEf1HvYkj5j,N/A,12,Number not found in filename
T01 cpless,mYKph_lXGmJfNwl2w9JYgnjp0oi,N/A,11,Number not found in filename
[Rally] S08 - CP1 is End,OuUa5qfXUORItjtFRuMbCd3xj33,N/A,08,Number not found in filename
Spring 2020 - T04 FreeWheel,px860xY8kEPBhCXjerJyidq0TW3,N/A,14,Number not found in filename
Fall 15 (Mirror),uV3DIhWMPaApKYa9XFSomZ6uFD5,N/A,15,Number not found in filename
idk,VjQaRN60zt6RfuX6bK_wqmlXDum,N/A,,Number not found in filename
Bowl [EASY MODE],wLglK4nx4ZpBWQ_SBKGczjfb3A5,N/A,,Number not found in filename
Icy T10,YLEMPiTTKQ1gyolu8NlS5H1PyUl,N/A,20,Number not found in filename
Fall 23 (Mirror),1CgxaKhXjVhEU868GSRbyydeyn1,N/A,23,Number not found in filename
Winter 2024 - Section 15 Joined,96exxDsO9ts5xD3ZSgW_wWNl_y,N/A,,Number not found in filename
winter 2020 01 slowmo,FtDk7c3C5vkysl9MUXwdwGcd1B5,N/A,01,Number not found in filename
S11 RNG Booster,goM1hiXtzcQdmO8FWZdcfBg3cq9,N/A,11,Number not found in filename
OnTheEdge [EASY MODE],ht3CDlXMRd7iyCCd1HGpliEq1tf,N/A,,Number not found in filename
Spring 2022 Supersized 14,hxLPq0sIfbxhN8IhIrVhJhwU0Tg,N/A,14,Number not found in filename
BOSS White of Spring 2023,kBahRSVw6ZQ90dQjz_s9wJ0Rtrj,N/A,,Number not found in filename
Winter 2022 - Black Combined,qPTYlAvboSucoYR7tCtTHur4I_a,N/A,,Number not found in filename
Winter 2024 - Section 8 Joined,t7s5eSRX33KzVcPyl3IH75sR265,N/A,,Number not found in filename
Fall 2023 - Section 17 Joined,WiMQKHpzCvaRZmQYO64cSG7Gob,N/A,,Number not found in filename
Fall 2023 - There&Back 01,6VynC_WMv_lUd9anvYycb4iXNem,N/A,01,Number not found in filename
$<S09$> - CarRally,BRX5s7l_oygMtK0u2IyefKBaqkk,N/A,09,Number not found in filename
Fall 2023 - Section 2 Joined,cvMH8Cl8soabaQtchcGjhql7zD7,N/A,,Number not found in filename
S05 1-forward,E05akF8h3KvvYZA4JIs8dYwABE6,N/A,05,Number not found in filename
Wood T03,HJXiR_6RLXSzenrNv9wqiHTWiD7,N/A,13,Number not found in filename
$<T09$> - CarDesert,HK1w4w54FSTsCO94BZjS2dO5Js9,N/A,19,Number not found in filename
$3C0S$4C0pr$5D1i$6D1n$7D1g $8D11$9D11$9E2 $AE2-$BE2 T$CE2i$DE2l$EF3te$FF3d,IhIjrm2icZHrhe9A93IKDnixQ5c,N/A,11,Number not found in filename
T08 (1-UP),IKP3hgCsw2fnskI42W63MoNMxN9,N/A,18,Number not found in filename
Icy RR Winter 2023 20,Pc9_okSx1ZupIbZpdHx2FjFnv35,N/A,20,Number not found in filename
T04,kSnYW7q3QmwKQ9QNW7vt_xy5MJh,N/A,14,Number not found in filename
Fall 2022 - There&Back 13,xgx6iKLTEQFwCTmzGmGFT5iiU4a,N/A,13,Number not found in filename
T01 Short,YbKB2Zct0jOySf2RLewQylrUsci,N/A,11,Number not found in filename
YEET T03,_NVBNgYoQOVJHMMBa3ogDdbh40,N/A,13,Number not found in filename
Spring 2023 - There&Back 23,3Xtgwid6x6mE6HFAdTQDnoRKew5,N/A,23,Number not found in filename
S13 CP-Boost,8yc7AdA3OIueWWwGNAgWtiFbFZl,N/A,13,Number not found in filename
S11 Short,9l85fuV9dvPUguMAnECxCyT0YL,N/A,11,Number not found in filename
Touchdown [EASY MODE],CdlqhiIJ4MM72vWMacX39IYp4P5,N/A,,Number not found in filename
Summer 2023 - There&Back 10,dpMKU1wNNDL1KBWQiUVEZs06JVi,N/A,10,Number not found in filename
$<S06$> - CarDesert,DwX79YlZtfgQxB97R9wK_wZZGA5,N/A,06,Number not found in filename
$w$i$o$s$ff0S$fffummer $0ffF$fffrost (cpless),EP3deND9cFM0DE8_xd9xPlI3Qd,N/A,,Number not found in filename
S14,FdENeCj78h53OqkJRMUUigPtGrm,N/A,14,Number not found in filename
Fall 2021 04 Big,gHjiIpicRdJMP7BtyPhR5yq14Q9,N/A,04,Number not found in filename
S11 - Flooded,INu3qmxMrBxbFITKPlsjj7U6Xsf,N/A,11,Number not found in filename
S02 - Sky Finish,jfMEi4eURCM0OLFivAqlWQjQS9d,N/A,02,Number not found in filename
Fall 2023 - Section 7 Joined,LEzesbKp45aZx9KOhN9mVTkm15j,N/A,,Number not found in filename
$<S03$> - CarDesert,m9O_TsuFDe_mzZCbp6C0Ddhj4b6,N/A,03,Number not found in filename
Summer 2024 - Replay 15,5iuIVcZIfFi7If852dfCuvtK8M8,N/A,15,Number not found in filename
$3C0S$4C0pr$5D1i$6D1n$7D1g $8D11$9D10$9E2 $AE2-$BE2 T$CE2i$DE2l$EF3te$FF3d,d89uJp4OjtCZdPcVP65TuX3EF1,N/A,10,Number not found in filename
Control - Podium,EkasR4fOQ6K7Kj6t1MKpH8y8v5a,N/A,,Number not found in filename
S01 Reverse,GgriwoNg0NABIXp67TPVziju8Qg,N/A,01,Number not found in filename
Sinuous - Podium,GZjzBlgYJck8Y9WZZ5xCwdJ72Ca,N/A,,Number not found in filename
Spring 2023 - There&Back 20,hfwRwz2D2C7GHvDhUG86o0KnFF7,N/A,20,Number not found in filename
Fall 2021 14 Big,MD54dpfNGdvjmHcEcYdo0fQtlhj,N/A,14,Number not found in filename
Fall 2023 - Section 11 Joined,NngJ8UPrwOV8gn_bHCoPud8KWJl,N/A,,Number not found in filename
Spring 2020 - T05 FreeWheel,pIImhikyt27J9p19PJbqnlo8Xg5,N/A,15,Number not found in filename
Super23,RTAhySbG71EA7VO_rQy38MjGID5,N/A,,Number not found in filename
Summer 2024 - Replay 19,tDkGDd4lyCXoszm55xqwn9W831f,N/A,19,Number not found in filename
T06 - Sky Finish,ZVBDsaIY16MVzZwSDzOEwgqCBI,N/A,16,Number not found in filename
Fall 2021 21 Big,5CH6atLDhbalyg74VbtuwnXgC29,N/A,21,Number not found in filename
Fall 2021 13 Big,64wEU_PUKrwpNGxCGEybVjLv80m,N/A,13,Number not found in filename
T03,GKQdHdOPIx4aWZ9rcOezGM5lyq,N/A,13,Number not found in filename
T06 CP-Boost,e5NlW07H75I199lVl0YWDx5jgsc,N/A,16,Number not found in filename
Super16,esZ1ca79XE7hIYLviy7KnvGPSOd,N/A,,Number not found in filename
T05 - Flooded,ZPHbSQ1FSTj2zY59AJhf6Lvh0Zb,N/A,15,Number not found in filename
Spring 2023 - There&Back 13,zUuyA54ehilnkE9kJTckR4VRxzf,N/A,13,Number not found in filename
YEET S09,KpTPhi0N9p7lkOj4MF_6q2CEoc6,N/A,09,Number not found in filename
Super10,MbckTeJQVtQD2cu4jV31l5SJ9Pk,N/A,,Number not found in filename
S09 CP-Boost,OoVq0vB48AlQcOjirLAN9J7O9il,N/A,09,Number not found in filename
S15 CP1 is End,q0rtfK7ksIRw0Hklx5BekZ66d28,N/A,15,Number not found in filename
Spring 2020 - S11 FreeWheel,qAUmAaZHjrXR99xK2Wj3ASkq88j,N/A,11,Number not found in filename
S14 (1-DOWN),tNa5S8l14Gr0924bdjYH8XpKn4j,N/A,14,Number not found in filename
[Rally] T02 - CP1 is End,yC_qBdbT6SN_gHQes8lRZMNCe4i,N/A,12,Number not found in filename
Spring 2020 - S04 FreeWheel,ZS_i0Q5oW58GHtu_3pUzraQADKb,N/A,04,Number not found in filename
Black BOSS - Summer'23,_oTHaGz2iGhwe9YYLhrhlJp3_Td,N/A,23,Number not found in filename
Super12,_wUuwESKTyQqgvzOT9oQCaTEIKe,N/A,,Number not found in filename
Fall 2023 - There&Back 03,5vse4FHDFKih_Tc8hJcaKenLBD6,N/A,03,Number not found in filename
Fall 20 (Mirror),9_pOMl_2ZrfBf2KjcTKo6J6uml5,N/A,20,Number not found in filename
$<S06$> - CarRally,C_MOko7nvrcUDCl0q2jSfcD9Ngg,N/A,06,Number not found in filename
Fall 2023 - There&Back 08,kWjoBhSLkXKFCFwhrRv5X3_HOhb,N/A,08,Number not found in filename
Training - 21 & 24 (Wet Wood),NwI8hUZRl6s9V3pxCAUNKX1HAZ3,21,24,Filename number does not match mapNumber field
Summer 2023 - There&Back 08,oe7SGmnjsVid0UkcVWw708N8VEm,N/A,08,Number not found in filename
$<T04$> - CarSnow,PAznG_JEkRLIztpwtz9k0F00crk,N/A,14,Number not found in filename
T08 STTF,pgCRX7pp9b8fdPSNq4yOeECE0Fc,N/A,18,Number not found in filename
Icy S04,qs1xcblmCUNwHzId2Xx8PfNVaTh,N/A,04,Number not found in filename
[Rally] S13 - CP1 is End,RTl1vd2MULT6qF1w0JHvVtGSU_i,N/A,13,Number not found in filename
Icy RR Winter 2023 22,sE8eg8Ef8uoQeg4EppyP9abEVb2,N/A,22,Number not found in filename
S05,WMiX2P9UzIhbRQbLc87kWgqfAh1,N/A,05,Number not found in filename
S02 Boosterless,XJ3rnyxY3F8oRcxO0Dz8CRgZdPl,N/A,02,Number not found in filename
Spring 2023 - There&Back 04,5qFjepfglUFuy5kdIS5gMg2mC9j,N/A,04,Number not found in filename
S01 STTF,DMSup_vWJ1hdbpV66iZ3To9FIl4,N/A,01,Number not found in filename
S06 1-forward,NIx3h_7MylDw41buNiKGd8S86O1,N/A,06,Number not found in filename
Fall 18 (Mirror),pjWGVTpDM7JdNWoBARE03V1Uick,N/A,18,Number not found in filename
S06 CP1 is End,V_0kPgf4Hi2UEHow1SGckUCU_Na,N/A,06,Number not found in filename
T04 RNG Booster,_pRbrWrxQfaAoXOD52l0IaDQcd9,N/A,14,Number not found in filename
YEET T06,_X68_6waMgC3mqKJn5mIuiAAYY7,N/A,16,Number not found in filename
Wood T09,62zid3tMzkSRbATCNrj4Wl2kWP5,N/A,19,Number not found in filename
S06 (1-DOWN),8rrCohEzcd4se7lC0nGb3DASx58,N/A,06,Number not found in filename
S01 CP1 is End,GSPLhIq4ATZtCjs67ERuc8qdBMc,N/A,01,Number not found in filename
Super13,GVsxXP0VjVRUVb2aYipMsU4PTyc,N/A,,Number not found in filename
Wood T01,j_1qJAsXhfYvM_BFo2dLta23Tm2,N/A,11,Number not found in filename
Wood S02,KJTdTPsaknmDVwFI7KDzCPzEcE3,N/A,02,Number not found in filename
T01,YONeaxsCZYvkKyNv1N6lik6rxGg,N/A,11,Number not found in filename
Fall 03 (Mirror),YQKnOVxC5hrUJ4rGFk7UcUe5Bf7,N/A,03,Number not found in filename
T04 STTF,_29YiIAh6vhlfIr7yF74KwsVxwk,N/A,14,Number not found in filename
$<S11$> - CarSnow,9qkBQgyz7IkgUKgexe7SCJ0myZk,N/A,11,Number not found in filename
S10 CP1 is End,cXMDVjvN3XtAoqdVpvEuLDB4HIa,N/A,10,Number not found in filename
Spring 2023 - There&Back 19,DGNnWsjqiFCjpeEpconk3QrZZEl,N/A,19,Number not found in filename
Winter 2024 - Section 10 Joined,DZFtNxdP_ciSjUksGN42rXI5rQd,N/A,,Number not found in filename
Summer 2024 - Replay 16,jp6nnpCAwcJ0ZomVE4l5H7xxQDf,N/A,16,Number not found in filename
Summer 2023 - There&Back 07,pe0Iq1SUhP2Y8r2AaGlJTODj4F5,N/A,07,Number not found in filename
Fall 2023 - There&Back 14,PH7sXowAUCLQZaaMSLlP79iXfI6,N/A,14,Number not found in filename
YEET S01,Pxeka54Goju5uoi3d1X1Fvczcof,N/A,01,Number not found in filename
Fall 2023 - There&Back 21,uTRxOiJWIP2Ew37TchB1Y6p3kOd,N/A,21,Number not found in filename
Fall 01 - Tilted,UX8fSIsIa7QQSjm77tLxTiImOXl,N/A,01,Number not found in filename
T08 cpless,wjg9BoXPNQRGAKTrXQhfbPsj2d9,N/A,18,Number not found in filename
S06 cpless,XOqvYwWyw8tRbXXbT2tOIsiveK1,N/A,06,Number not found in filename
T02,zQGGtaATdOjBTnRj0znrvMhD7Nf,N/A,12,Number not found in filename
$<S15$> - CarRally,AaKT0IAEnN1Zqvldf7ZpU4IhgJl,N/A,15,Number not found in filename
$<S11$> - CarRally,BL5ojF5rz6hjnZtszAodRDsbxF8,N/A,11,Number not found in filename
S14 - Sky Finish,F1nm7C6Mlp_t7ljx2LN6QJLZdw4,N/A,14,Number not found in filename
S09 Short,SEafDGAZED_SOY5ciXkSTTM_0lm,N/A,09,Number not found in filename
S05 (1-DOWN),wupjmDr3rNXnclI3LKq_COFzso9,N/A,05,Number not found in filename
$<T03$> - CarDesert,wXqmCt829d25DHOR6Sb369ziWrm,N/A,13,Number not found in filename
Blue BOSS Winter 2024,_NUUECNRc0QQ2yMFejj1aQvrA5g,N/A,,Number not found in filename
Fall 11 (Mirror),1UK4Psa58XfpbqIi697sBFT6j5b,N/A,11,Number not found in filename
T06 RNG Booster,3tvxwBWoN1rXtjawC209yUpNRJa,N/A,16,Number not found in filename
T08 CP1 is End,6Zf0gukRwXRuStZ6dHMKnc_xI6a,N/A,18,Number not found in filename
Fall 2023 - Last Section Joined,c826LC3tRxpwPmrKHTAMgUCEqQ5,N/A,,Number not found in filename
S11 (1-UP),CVa61MW6l8UMsHV7OqBTov8FtG6,N/A,11,Number not found in filename
Summer 2023 - Section 3 Joined,D_d2nYk5xv0uieI5w52bDxEylKb,N/A,,Number not found in filename
S14 RNG Booster,EfMAUkB2hOCmWJsIqA271CjWcB1,N/A,14,Number not found in filename
Wood S15,fwbr4QIlG8QGHaobPHzq1grxkf1,N/A,15,Number not found in filename
S15 Boosterless,HhhvhFoYsgJy7ljkjG6UjlQd70c,N/A,15,Number not found in filename
Fall 2023 - There&Back 25,jxglzUppG2BJDV9on3fryvIN0xk,N/A,25,Number not found in filename
Icy RR Winter 2023 05,qbglmgDvhDQFcmZothWayapoN_8,N/A,05,Number not found in filename
Wood S13,T_r18XUDZwZkxCc3ohsAdpGDPX5,N/A,13,Number not found in filename
Winter 2023 - There&Back 15,DGLQ74HLRLLL2ehwffJv7xnOWC9,N/A,15,Number not found in filename
S11 (1-DOWN),e_fYmRyELsC879xfAY9UOQ_FjNa,N/A,11,Number not found in filename
Summer 2023 - There&Back 09,FsmJo0OvXTCoTky8l_Q0hcKFDcm,N/A,09,Number not found in filename
Spring 2023 - There&Back 07 (Unvalidated),npItH24lLOa0jN1862mHskIap38,N/A,07,Number not found in filename
Summer 2023 - There&Back 13,OeMSvsTmzLEYijpiY0xAH65oUhe,N/A,13,Number not found in filename
Summer 2024 - Replay 03,oZgClTIU_vCg5mFOucTy8hd_kB1,N/A,03,Number not found in filename
Fall 2022 - There&Back 12,PmlWyYQzVLqA48ewkKRv0WbRTK8,N/A,12,Number not found in filename
[Rally] T01 - CP1 is End,QdA6aeFCVpvajUbO9xDSk8XIHf3,N/A,11,Number not found in filename
Wood T06,qSGuAflkCY0MlpCXaHVeTpkPo8m,N/A,16,Number not found in filename
Wait a minute!?,Rffmu2aFOPZk39D_rfkNW7luKTa,N/A,,Number not found in filename
$3C0S$4C0pr$5D1i$6D1n$7D1g $8D12$9D12$9E2 $AE2-$BE2 T$CE2i$DE2l$EF3te$FF3d,SZpsw2K4VVsjYaJcdGeBFQywuVk,N/A,22,Number not found in filename
T01 (1-DOWN),U8gHzOl1RVyAgATi_sV_2yMfZ6f,N/A,11,Number not found in filename
S11 Boosterless,VWbmYKrjxsW9c_IWUCtLkoNO4eb,N/A,11,Number not found in filename
S05 - Flooded,wG7V1aAfW1xdwlAbhaNfAmO9j5l,N/A,05,Number not found in filename
$<T02$> - CarSnow,3oyLcUPgP5shDbfcSrwM36qWEw7,N/A,12,Number not found in filename
$<T08$> - CarSnow,8JT1loenF6urSv54y6e5_0Bipwd,N/A,18,Number not found in filename
S05 Short,8nLHhizTN8ndV1Ck_yyFhOurfH0,N/A,05,Number not found in filename
Spring 2022 Supersized 22,Gnnf1JLuqSJMYX7GDs9X42PJni6,N/A,22,Number not found in filename
S10 Short,GPsokDhFlfRHiQ4Wfq31UH7cjr0,N/A,10,Number not found in filename
$3C0S$4C0pr$5D1i$6D1n$7D1g $8D12$9D11$9E2 $AE2-$BE2 T$CE2i$DE2l$EF3te$FF3d,iW23hl_XNJcmGnZcZsj2M3LDMy6,N/A,21,Number not found in filename
Icy T06,JzN7NdvtMUk_7U7A36AVtszV4Fb,N/A,16,Number not found in filename
Spring 2020 - T09 FreeWheel,Qpi_7bBWh2QqZ7PD8H24CLVGf91,N/A,19,Number not found in filename
Icy T01,r7eOLotJLQTvPIQXhMAKnOAeLv6,N/A,11,Number not found in filename
S06 Reverse,TW1gTx797TlXWfi7MYAbaikOrOb,N/A,06,Number not found in filename
Summer 2024 - Replay 10,TwynPLQxBpevCnXD1r5encC_aJc,N/A,10,Number not found in filename
[Rally] S11 - CP1 is End,uZxfpSQhGyBHyaZuFqSPcmRzBM6,N/A,11,Number not found in filename
$<S04$> - CarDesert,_3u8r_XhHbhuJcTJ_0IIbdQMVi9,N/A,04,Number not found in filename
$<S06$> - CarSnow,6bUhWH2Slq86YmsqqlhpaqPbLt4,N/A,06,Number not found in filename
$w$i$o$s$ff0S$fffummer $0ffF$fffrost (DesertCar),9HtY_EQDt0JzfJBGPQ8MGOxWKR6,N/A,,Number not found in filename
S15 (1-UP),J0_GwdvXo5EIltVZbex_IpXBI9l,N/A,15,Number not found in filename
$<T10$> - CarDesert,LXnVBlFa8mNboeYIlFELAhh4O06,N/A,20,Number not found in filename
S03 cpless,VlzILfQh1rYrUKXVWnhxpiHFkEe,N/A,03,Number not found in filename
TightRope [EASY MODE],WbMbPlILEXKeQ4lPtFcnk8DxJQe,N/A,,Number not found in filename
Icy S05,Wxlvt2wuTFWPtXJQYoF4Pnf_aL3,N/A,05,Number not found in filename
Icy RR Winter 2023 19,XRPG4jyUZfjZ_dXsh4ICZwi5Fuk,N/A,19,Number not found in filename
T09 RNG Booster,ZRy938hKbQ4akH5Qry2L8Kz_9_k,N/A,19,Number not found in filename
$3C0S$4C0pr$5D1i$6D1n$7D1g $8D11$9D13$9E2 $AE2-$BE2 T$CE2i$DE2l$EF3te$FF3d,_TcdkEtp2U3nQDTTn7R0TvAvDom,N/A,13,Number not found in filename
T10 1-forward,2GzuqGD_3mTD6O2e4HqBDg2hBUe,N/A,20,Number not found in filename
PoleParty [EASY MODE],6UwIw2w2QP8obYFbLIz2ixQntZk,N/A,,Number not found in filename
S08 Short,7PGZuiAbjomw5C95OEJGMothFIf,N/A,08,Number not found in filename
Summer 2023 - Section 4 Joined,8GK9i_KratuMpEOcHuo6y6wxb06,N/A,,Number not found in filename
$<T06$> - CarRally,BKb2pmAMRZ8V1b4_aqlx60e_mw6,N/A,16,Number not found in filename
S12 Boosterless,en_zK9hvRdtQtJvYPLYidXSBhac,N/A,12,Number not found in filename
Fall 12 (Mirror),g2jyvz3tu3VYu5o3iyejTWdw_Z5,N/A,12,Number not found in filename
T09 Short,IUDHLy6Ye4BaSqU6triaqAgXqL5,N/A,19,Number not found in filename
Super20,JrTT0xgcml25nw0qWkFcCJsrsF0,N/A,,Number not found in filename
Icy RR Winter 2023 09,L6CXEhW0ZA335hE9omIl30X1e_a,N/A,09,Number not found in filename
T08 - Sky Finish,P02WjOdIjGDljGMDUeMxnxf149f,N/A,18,Number not found in filename
S02 RNG Booster,SCSxA6lq4PtI_0AD0EHT7POc839,N/A,02,Number not found in filename
Supersized_Spring_2024_-_12,99S6ODOU85RMAHwaWWsYuzwulUk,N/A,,Number not found in filename
Summer 2023 - Section 5 Joined,BWDQFVwyUdDHLOa3tzJtRu_rq3i,N/A,,Number not found in filename
Summer 2023 - There&Back 25,DdILCi2n1f5F84vLk3_zrAHSVQ1,N/A,25,Number not found in filename
LaunchPad [EASY MODE],FRp1n9_zHdguKFiPGohMtHEP1b,N/A,,Number not found in filename
Fall 06 (Mirror),gPVuhX0jZptCHoA_SdBrpnf09ih,N/A,06,Number not found in filename
Spring 01 But its combined with 02,IKBHYQdUcpmDdB7nNES29Tw93tf,N/A,02,Number not found in filename
Fall 02 (Mirror),MJZxfTWW49VEuuUOHTTUF44rMei,N/A,02,Number not found in filename
Super09,om6BlqXF5Nqv90svkAOMbLnyjJd,N/A,,Number not found in filename
T02 - Flooded,PcRvSiShoVVH6qIKJP457WUHt44,N/A,12,Number not found in filename
Training - 21 & 24 Wood,Tf9CbSTXzKHWrAjn_HiBIsz2d0j,21,24,Filename number does not match mapNumber field
super06,vnzcAbi3LWvFZ5llKhUNdXNVZOf,N/A,,Number not found in filename
T05,XfLWmX5hriHYH6BfCmd9CZBwUm0,N/A,15,Number not found in filename
Fall 2023 - There&Back 05,Y2qx0pSQH9VxhXLzuC43rn2459c,N/A,05,Number not found in filename
S03 CP1 is End,1SMKkm7FkBw9DSbWwvVSA87mPef,N/A,03,Number not found in filename
Super15,8rSPmt6cjT8YINW2qzPYdkTD6Og,N/A,,Number not found in filename
Summer 2024 - Replay 20,cPigm7jKHpqDOu45U524hyIhBXh,N/A,20,Number not found in filename
Summer 2023 - There&Back 03 (Unvalidated),hMmccYQJmh60U7k2Wqlc2xB1qjc,N/A,03,Number not found in filename
S13 - Flooded,I2uk4ieAsoeCt_IiMBHWaBAe8ei,N/A,13,Number not found in filename
Fall 2023 - There&Back 02,KKtv_mED3P1K93LDpmZt69UVl31,N/A,02,Number not found in filename
S08 1-forward,MeCDU_fq7ASBn9cPsw1tdwcNdDf,N/A,08,Number not found in filename
Wood T07,Sc14AXTTe07Bfkw6IhuuzQaZhu5,N/A,17,Number not found in filename
Summer 2023 - Section 2 Joined,SoM2UJyKzfIjmdd4t4nGvZHNY5m,N/A,,Number not found in filename
$<S02$> - CarDesert,sV8X4bkXeizjVPlWj7FJtfbjZIi,N/A,02,Number not found in filename
IcyJump [EASY MODE],yvAcI4cWEPApLiN3bobvnA1cWXa,N/A,,Number not found in filename
EDINGBURGH (1-Forward),4njNDcapRvYohP99EY3Il04Lmba,N/A,,Number not found in filename
Fall 04 (Mirror),6hUHngLNOUuk4rKeuR7sFwjWGci,N/A,04,Number not found in filename
T03 (1-DOWN),ay1jqjtK5XRDKNhHHOprfusbIy0,N/A,13,Number not found in filename
Summer 2024 - Replay 25,VCl9SJIxVDmQDtx3MVrPaOMKOXf,N/A,25,Number not found in filename
Trash map,wIWz8ad60INLbxgqbupEXb_0KZl,N/A,,Number not found in filename
S11 1-forward,5r1WkfaYKE85oG42QxWhfvJdZgh,N/A,11,Number not found in filename
Fall 07 (Mirror),8JnIaktFRsk9mY1rTmOEE4nvu_6,N/A,07,Number not found in filename
YEET S14,bUxuNmcSanpZYLBw6RfNsBXND56,N/A,14,Number not found in filename
S11 - Sky Finish,c_L0B8_4tzOmDuZGSSVPopOHUW6,N/A,11,Number not found in filename
Fall 2022 - There&Back 10,C67QQw8lfqj9Hr7ghUH3WJhx6F4,N/A,10,Number not found in filename
BoltHoles [EASY MODE],GjkGVgClXVluocm_wGlDW0Putqe,N/A,,Number not found in filename
$3C0S$4C0pr$5D1i$6D1n$7D1g $8D10$9D17$9E2 $AE2-$BE2 T$CE2i$DE2l$EF3te$FF3d,HV6cAGZFAPDAfknjmk9keZfZqgk,N/A,07,Number not found in filename
Summer 2023 - There&Back 22,Ibgwvq1DgLQjkKob6JKMP2dbjXa,N/A,22,Number not found in filename
Mixed Training - 21-24,JbVoO0HulSzY8OYhALwLmo6MAO,21,24,Filename number does not match mapNumber field
Fall 2023 - There&Back 20,rcOd_p9jh2892mnEwbCzYuDR_3i,N/A,20,Number not found in filename
Fall 2022 - There&Back 18,ScI4elt0yBHdixzhj0gIzlEkaP,N/A,18,Number not found in filename
Fall 2023 - There&Back 11,zW4Cauv4dxeJhHASk6ldmZAoyE1,N/A,11,Number not found in filename
T04 (1-UP),0jU5XXxNXGMG0lSahlLIw_BRfce,N/A,14,Number not found in filename
BOSS Black of Spring 2023,7HZDuErSYudcb6149n7AIb7Lbz,N/A,,Number not found in filename
Icy S10,8UU6U7m6GUNKqKKGMt6cdZzF1Y,N/A,10,Number not found in filename
[Rally] S12 - CP1 is End,9lgFHvSGskeUHGffW_96TSaHNm4,N/A,12,Number not found in filename
S02 CP-Boost,g3_Si33jFalistCmWagxv6S5Sik,N/A,02,Number not found in filename
Training - 21 22 23 24 Surfaceless,G9pCsx_CKdoww1LfWwqYKn7bjHm,21,24,Filename number does not match mapNumber field
Winter 2023 - There&Back 01,gdxvQO9mEJq2sDOM5wjW6o1pTNm,N/A,01,Number not found in filename
Summer 2024 - Replay 24,N0NKy0vzk84aQ56M9sfmbSYqlCe,N/A,24,Number not found in filename
$3C0S$4C0pr$5D1i$6D1n$7D1g $8D11$9D19$9E2 $AE2-$BE2 T$CE2i$DE2l$EF3te$FF3d,nfxfWVrX1cv0kg6xqW7K7Vg7Fe3,N/A,19,Number not found in filename
T06 (1-UP),OiPeQ3hCByXHB0pq6V7swGiMOUh,N/A,16,Number not found in filename
Fall 2022 - There&Back 20,pwySyjrY28mNZbDJAabXGF9FWKf,N/A,20,Number not found in filename
Fall 2021 check,trp2xzHsAyKilge58I8tEsY7kXe,N/A,,Number not found in filename
Fall 2022 - There&Back 04,YapslRMLh9s_KwASia_UFJ8f805,N/A,04,Number not found in filename
Icy RR Winter 2023 16,YybtL7YdM4D2BnANK8R8mYOee6l,N/A,16,Number not found in filename
Summer 2023 - There&Back 14,_B3pANRGHacUGp7btY1kc_RHCem,N/A,14,Number not found in filename
Fall 2023 - Section 8 Joined,23XBQ05wVCZ3ssbX_LtT5vgLBdg,N/A,,Number not found in filename
Fall 2021 09 Big,7EJuc1gkGrf5UU0hGz6Wv4MXk7d,N/A,09,Number not found in filename
T06 Boosterless,A7zhNNqfNk0RZ3g3RmoJxecsdzk,N/A,16,Number not found in filename
T07 CP-Boost,AdoD6FUBuYN5b2ZbZnVpLJulIH8,N/A,17,Number not found in filename
Summer 2024 - Replay 22,dcbcDo2uSYpEhJVtdSNxx7XY_y9,N/A,22,Number not found in filename
Icy RR Winter 2023 02,hViCeONJhdNngm3s6Do5Y6yA1Nh,N/A,02,Number not found in filename
Winter 2024 - Section 14 Joined,irek8PwhTE3X21v8ZweQWrZ6DTb,N/A,,Number not found in filename
S08 (1-DOWN),k99Qw1gUYlGF_30lPQ5h0TqtFJ6,N/A,08,Number not found in filename
Fall 2023 - There&Back 16,OkXcnlhqfMai60AoQwIw4HYOy2b,N/A,16,Number not found in filename
T07 STTF,T_3tRelHyklrcxYrNZ8gXUcEeLi,N/A,17,Number not found in filename
S12 (1-UP),TOJRkpNOdpvXrew1FZURJaLkivi,N/A,12,Number not found in filename
YEET S13-,ufEFrZBGlu0BzPQibqOIRGcbti9,N/A,13,Number not found in filename
Fall 2023 - There&Back 15,vDFObFWPEUnex0WOZ8Cl6qPhMfj,N/A,15,Number not found in filename
[Rally] T03 - CP1 is End,5xdDqq93Wjkj60CL0R7rPkTZvu7,N/A,13,Number not found in filename
S04 (1-DOWN),cdToTy8nDqj1ErL9hUTF1zVTQ_9,N/A,04,Number not found in filename
Summer 2023 - Section 9 Joined,cKIPJD6CTkaNosDOniZDbBZXDKl,N/A,,Number not found in filename
S12 (1-DOWN),cpCYjhZBrOhYKb1P0fa9OcL_HFe,N/A,12,Number not found in filename
Fall 17 (Mirror),iXFHFlT373jSGADyrMwObWtW8l3,N/A,17,Number not found in filename
Fall 2021 16 Big,JoaIFKrzZFd0MsVbxgUOJJD9moh,N/A,16,Number not found in filename
S11 cpless,kNloJMhA08Dr1lAfn8YoutQEOfd,N/A,11,Number not found in filename
Training - Red Combined,lcDgGlck_2qCAT7WFdoMD4ggqDm,N/A,,Number not found in filename
[Rally] S14 - CP1 is End,SgpcioGNEz4H73FdpW9RQ9J_J00,N/A,14,Number not found in filename
S12 STTF,UE97ldBgvFlDI8naMEyTHYRDc0f,N/A,12,Number not found in filename
IcySnake [EASY MODE],xfqnVDmROPm_NHJA9E3HaI1OfYi,N/A,,Number not found in filename
Icy T05,yVg15e3ouEtCkVcbA6mXGZLHh3c,N/A,15,Number not found in filename
T07 CP1 is End,80srQA6gPS0gh9EKRAwZSFv_NQ2,N/A,17,Number not found in filename
Wood S08,b_hpCmKOic3c8n5EDOkqnxH4BEi,N/A,08,Number not found in filename
Spring 2022 Supersized 18,DAjgklr5ly5Z50M6bzFVID3YWti,N/A,18,Number not found in filename
Wood S04,ddkNcwL19bKBpzvvgqpqqxwKY9l,N/A,04,Number not found in filename
Breaking - Podium,DIqhWKkWHc8_bLNlhQ4UBK1J3Oe,N/A,,Number not found in filename
Throttling Act [EASY MODE],iiTWbpzkDkhHZzIu2C3Ybeqjqvh,N/A,,Number not found in filename
S03 CP-Boost,MjM83BUqXltCxpLIr7rQn6sRi30,N/A,03,Number not found in filename
S06 STTF,Vn7DCyDtyAl6Yh7Azsa4HCLP729,N/A,06,Number not found in filename
Winter 2023 - There&Back 24,wV8Xg9H7sf8V3GVMAEPIgYOjMr7,N/A,24,Number not found in filename
Fall 2023 - There&Back 04,2VdgTAhCI96b6o1LGVTsT5M8zO4,N/A,04,Number not found in filename
Icy RR Winter 2023 08,3cIKXCbNfB4_pZlge46RL6vJBy9,N/A,08,Number not found in filename
Fall 2023 - There&Back 09,7ncLXLRLWkNqA0E1UNGuO8DOKx8,N/A,09,Number not found in filename
S07 Reverse,A9EBENBDESrG4fqB2l8Jz1Miz24,N/A,07,Number not found in filename
S09 1-forward,hHZTINzDLH_hWwa0iKQuHQOm9e5,N/A,09,Number not found in filename
Spring 2022 Supersized 21,k3oPgRVp_X_YxmSve74vDKZpmQj,N/A,21,Number not found in filename
Fall 2021 20 Big,kGpUS2ziBHDt0o_018uv5z5hSga,N/A,20,Number not found in filename
Fall 2023 - Section 4 Joined,LHNFNL_o_Cq97ANOGM49y6q0WIi,N/A,,Number not found in filename
Winter 2023 - There&Back 14,MTF1lef1PLoBERW2Pxe8XgPOQd2,N/A,14,Number not found in filename
Summer 2024 - Replay 02,t4Y4R1XOtZPiceoHhEd8PRjUYZd,N/A,02,Number not found in filename
S09 - Sky Finish,tr7thB_J6Ju1k092HovGhK0E4b,N/A,09,Number not found in filename
Fall 02 (BLIND),u1sfTozBpraUoW335jYx4BgT6x8,N/A,02,Number not found in filename
S04 Short,YSHaftw2KkilVHlu4NiZXHOsJre,N/A,04,Number not found in filename
T10 Short,55agcRKgXN8BA2n81L5mopn4wwa,N/A,20,Number not found in filename
$<T10$> - CarSnow,FE9_hZcT6f3hS4EBFP2ZDBcvgSk,N/A,20,Number not found in filename
[Rally] S02 - CP1 is End,hb2JF5QuFMfUq91vfDwYl8cr506,N/A,02,Number not found in filename
Icy RR Winter 2023 23,JfOYZFWInr9hoI94hwngaGej65j,N/A,23,Number not found in filename
T02 Short,Ozm7XvCVBDDA7c4Ib4vACCAWpR0,N/A,12,Number not found in filename
Fall 10 But i miss 02,SrvqZSubP00q4FNvSUCmgjdNRL,N/A,02,Number not found in filename
Winter 2024 - Section 2 Joined,SvODcqomwt0hw1quJH3iVwkZk4,N/A,,Number not found in filename
PLACEHOLDER 04,Vjhu6a1GXWJGJbNJydlZtC2MOtj,N/A,04,Number not found in filename
Fall 2022 - There&Back 14,0fUeodZCYgL05O2aYut0Llbjd18,N/A,14,Number not found in filename
$<S08$> - CarDesert,8wwAi85sM18MDzrU8YL89j4puJh,N/A,08,Number not found in filename
Fall 2021 15 Big,DtWgqM4LgcDoAfGOlGlCDS9zK3b,N/A,15,Number not found in filename
[Rally] T06 - CP1 is End,Ex_hnJmUsbDllUJjk7bdydp5Yw1,N/A,16,Number not found in filename
Winter 2024 - Section 9 Joined,HHAAJbabYsSK3kzup4V9RpGyh26,N/A,,Number not found in filename
YEET S05,q6wPZm4SQePTBDVfVouV6_s6IA5,N/A,05,Number not found in filename
PoolSide [EASY MODE],QWsu9mIjBSX6a9ICKQSoKt9eWk3,N/A,,Number not found in filename
T01 - Sky Finish,1qhP3zO4ireiuF8gy1RzxnmNpyk,N/A,11,Number not found in filename
Spring 2023 - There&Back 02,5yxwQljvi8yTmRMQX34Taft6wP0,N/A,02,Number not found in filename
Spring 2022 Supersized 25,aF9neGpNlHiZZ98jMqR1KlUEJ8h,N/A,25,Number not found in filename
Super18,EQVgrbtQnl6XEh9BM9d2bi7E5Jf,N/A,,Number not found in filename
S04 (1-UP),I4Qbjl9pYs4r07F1L_rZYcdCHi8,N/A,04,Number not found in filename
$3C0S$4C0pr$5D1i$6D1n$7D1g $8D12$9D13$9E2 $AE2-$BE2 T$CE2i$DE2l$EF3te$FF3d,k0Aus4UQzU8j3SKSBTCE6FcrlZ5,N/A,23,Number not found in filename
Icy RR Winter 2023 25,Kx7RP8gzCs5HXzFiaflFE4PypL5,N/A,25,Number not found in filename
Summer 2023 - There&Back 16,nyVGegMLDjpdAQT0igEt8zGndMi,N/A,16,Number not found in filename
[Rally] T07 - CP1 is End,qHlvoeooDZoS3oHsuvFpDmQ6So5,N/A,17,Number not found in filename
Summer 2023 - Last Section Joined,tDb9YcvB9fZrDIXoyTYmE4qk929,N/A,,Number not found in filename
$<T01$> - CarRally,TMJ6bxkjOO2C2f2ncwlnLKFeywb,N/A,11,Number not found in filename
YEET S10,tQHLxmfAQVbX8L_8wA9nloNVLy7,N/A,10,Number not found in filename
Super22,Xw38iuF1ZHk3iQsiYGPZAdDLIwb,N/A,,Number not found in filename
$w$i$o$s$ff0S$fffummer $0ffF$fffrost (yeet),30zpbT1jPidn8PCzG1f0SucsFWm,N/A,,Number not found in filename
$<T09$> - CarRally,EpdEVs95iFJ_f0OSNOLIAfvmLD2,N/A,19,Number not found in filename
$<S14$> - CarDesert,FhfRkFpkNYHEQLS5OpyoVYkUzEh,N/A,14,Number not found in filename
Fall 2023 - There&Back 22,LXWyMadY6VVWaZ4I67Yuj2mNQqj,N/A,22,Number not found in filename
Fall 2021 - Green Combined,SYxpXvsK4pZucxij55GfMnwAge8,N/A,,Number not found in filename
S12,O783pJwn7ZTTKRWaSQq70y0iPr4,N/A,12,Number not found in filename
Heart [EASY MODE],ZNrt4rHbununNNRmbVHIfvJfpq2,N/A,,Number not found in filename
S11,OzvoomDwptrHfnmrKLMmJOX6tZ,N/A,11,Number not found in filename
Spring 2023 - There&Back 08,a7Z7IapqO_BwD2pYiyyuL4m0dfi,N/A,08,Number not found in filename
Winter 2023 - There&Back 08,AaNUdstuVBAFFr5Oy_aBzWiXU26,N/A,08,Number not found in filename
T06 cpless,cmvfFE8DehGtjE5SlTCROOr0_L4,N/A,16,Number not found in filename
Spring 2020 - S15 FreeWheel,F4W6UqiiMywCm0MjUOcIhpC3pe2,N/A,15,Number not found in filename
Spring 01 but its a one lapper,fCo_IRzs4wOlUoX3vX3cmbb2zef,N/A,01,Number not found in filename
Winter 2024 - Section 13 Joined,fhX4jRFSoFPCYvGE5DclqK4Q2U,N/A,,Number not found in filename
S11 STTF,Hnmk1JrhhHIA0KxSfLL3OI9ixck,N/A,11,Number not found in filename
Winter 2023 - There&Back 03,JABc5cysPDYVBp3opPaJhQPWvRk,N/A,03,Number not found in filename
Blue BOSS - Summer'23,LbuuxuDh0Te41LyK8KSml9aAYwe,N/A,23,Number not found in filename
Spring 2022 Supersized 12,MVxV9ZD8fc1iwguGhr8ZS8NZ4B,N/A,12,Number not found in filename
[Rally] S09 - CP1 is End,OR7iGwyvfCgiDVaI8MzPR5u09rd,N/A,09,Number not found in filename
Icy T07,qhY_UpYR215R7jPt1PnVvhumlp2,N/A,17,Number not found in filename
Plastic Training - 21 & 24,RiZ63gPDAWZv2TrFU6J4QxdYWu1,21,24,Filename number does not match mapNumber field
S14 - Flooded,Wge0kD1GFNvETEHo4WvlMOAeq73,N/A,14,Number not found in filename
Winter 2023 - There&Back 05,42mfeuwHofJDpSxbuHS9PzFSjk7,N/A,05,Number not found in filename
Winter 2023 - There&Back 22,acBHddk289PmcguL0Zq4f6aGV5k,N/A,22,Number not found in filename
Speed - Podium,aV5ZFixcbrnWTG7_L0WdAAtgL73,N/A,,Number not found in filename
S03 Short,BF3Pg6RTXLz4OUDqb0X9lkETY65,N/A,03,Number not found in filename
T10 - Flooded,D2cgd4SVbVS7E0M_e2K75NXg1Fc,N/A,20,Number not found in filename
Winter 2023 - There&Back 10,gD9wj9iWujBRVhyHpTA6AzNN8ic,N/A,10,Number not found in filename
Icy T04,hYDU4yvfspEYWb0ushd1Z8m7Sf3,N/A,14,Number not found in filename
S02 - Flooded,JuMrjtT6_mVyTq6LW5cRfIhHuUa,N/A,02,Number not found in filename
S02 1-forward,mxkew1_X1pdv7f6t9rmgx90SAp7,N/A,02,Number not found in filename
S07 Short,PzVSN3oeEiZAErqXcMXWpa9mGRd,N/A,07,Number not found in filename
Wood S14,sPM3q1zDtDI2DpXngtDjghXlwQa,N/A,14,Number not found in filename
S07 (1-DOWN),T3wkp1fe2IJ9QiGfwJbhp62ek92,N/A,07,Number not found in filename
Déjà vu,yAKXyLdUmdPSK4jSjFZaFD0pCq9,N/A,,Number not found in filename
the fatal ending,A9Cr1GNcEZMUUJ5_SjbWQtgeSTa,N/A,,Number not found in filename
Spring 2023 - Section 7 Joined,f9ca8hIMVif9y30kgsSfqAVmWcb,N/A,,Number not found in filename
Moutain Pass (1-up),IfkiupFfu8eeRgaPgnzBY_6YCm2,N/A,,Number not found in filename
YEET S08,MjHvS01h1LNimS3QQEyXfQukiF,N/A,08,Number not found in filename
Icy S11,nNxITWV2vXK3O9w_yBufYAQgsX1,N/A,11,Number not found in filename
Super11,wJQW6fMtlpBrJ0al6Ec0fH6kLBf,N/A,,Number not found in filename
Spring 2023 - There&Back 24,Z2C7ArcH9XqDD_xz4IV0w3qLqI9,N/A,24,Number not found in filename
$<S04$> - CarRally,zoU91Txo2G9RCgjHirqha8HOlGe,N/A,04,Number not found in filename
Speed Up [EASY MODE],72awnUnvLIFrxflItHfu3VIbkHm,N/A,,Number not found in filename
$3C0S$4C0pr$5D1i$6D1n$7D1g $8D10$9D18$9E2 $AE2-$BE2 T$CE2i$DE2l$EF3te$FF3d,cBAfRHT5syqwGnJmL5r7eyRu8b0,N/A,08,Number not found in filename
Summer 2023 - There&Back 20,Cr4atGzoR5AyZed_YADIjiEpvDe,N/A,20,Number not found in filename
Winter 2023 - There&Back 13,ElNoE5Ccw4X8VV_3PD0NsGhwR6i,N/A,13,Number not found in filename
Barrelistic [EASY MODE],iJlyrdbmY6s59YWhzIC0vvHWe4f,N/A,,Number not found in filename
T07 (1-UP),Lh3PmmvC7YtT_22y6evsZcKQca2,N/A,17,Number not found in filename
Summer 2023 - Section 11 Joined,QnWl1vA0vcA7DFmT4WekvtFXIre,N/A,,Number not found in filename
$w$i$o$s$ff0S$fffummer $0ffF$fffrost (CP1-End),rc9YWsXxgKRMbV81Z2vwHH1d4E8,N/A,,Number not found in filename
Icy RR Winter 2023 01,TduOohE8RtyqptVmJ1pozKnlC8h,N/A,01,Number not found in filename
Summer 2024 - Replay 11,UL2SsnuJMjVnIdotfZUCR1w3mte,N/A,11,Number not found in filename
Summer 2023 - There&Back 06,vCXMAVvzKoNcPjCau2np51akOil,N/A,06,Number not found in filename
S06 - Flooded,3t2xliPlAcYmhtqsXmlwidn5oic,N/A,06,Number not found in filename
Fall 24 (Mirror),aEEHtHDpLdEd0VW9eeoVv6ZzsO2,N/A,24,Number not found in filename
Spring 2020 - T08 FreeWheel,c2klEXWvCWMgDlhCuFXJSG1yGXm,N/A,18,Number not found in filename
$<T06$> - CarSnow,cqL01CMhTKYX3ye4joNJUZ0NpZ9,N/A,16,Number not found in filename
Fall 2023 - Section 5 Joined,o8FKOPSFWGo19k_1MxaZ6xoA11k,N/A,,Number not found in filename
Icy S03,X4mCD3PxhVdWyV2u7WG5GNY_pKl,N/A,03,Number not found in filename
Icy S08,YRhxj_TZ41HlbqYOCqdArCFr92f,N/A,08,Number not found in filename
Spring 2023 - There&Back 01,_99saUT2sTbfMIWXaSVZLDlS891,N/A,01,Number not found in filename
Spring 2020 - S13 FreeWheel,2exdUZxuapmOSGrhBnsdjOJE58f,N/A,13,Number not found in filename
Wood S01,bxtdoTNPrplO6ZXtQbfK6VSonbc,N/A,01,Number not found in filename
Spring 2023 - Section 1 Joined (All Starts),cHUijj8GIuO1WwzYJiUwEqODLl3,N/A,,Number not found in filename
[Rally] S07 - CP1 is End,fS00xDN8FDD2rZ0HdxlhAAId6da,N/A,07,Number not found in filename
$3C0S$4C0pr$5D1i$6D1n$7D1g $8D11$9D15$9E2 $AE2-$BE2 T$CE2i$DE2l$EF3te$FF3d,meW8WdBa5lVE_b1IqFQGuAMNpn4,N/A,15,Number not found in filename
$w$i$o$s$ff0S$fffummer $0ffF$fffrost (STTF),Tw4_lXkLXus2h1PJbdeSwQ6Kggc,N/A,,Number not found in filename
Fall 2022 - There&Back 05,UAryHBCro43dhB7te57d9rK56i4,N/A,05,Number not found in filename
T01 1-forward,UNIzOkmxbLFhITky0aB39fqQn6a,N/A,11,Number not found in filename
Icy RR Winter 2023 11,V0nPEV81njyvH2Fx6X1i_wvYXWi,N/A,11,Number not found in filename
S10 (1-DOWN),X6maLU_rfGGyKewxiUweQFrav89,N/A,10,Number not found in filename
T04 - Sky Finish,_NRqppaWtKQI3IVKq157jtXPMpg,N/A,14,Number not found in filename
$w$i$o$s$ff0S$fffummer $0ffF$fffrost (RallyCar),9IZtuMFMiCgQroMJXEiKEjOvWW9,N/A,,Number not found in filename
Fall 2021 24 Big,cZvGmreUVbVqsr8_tprBRayMIS9,N/A,24,Number not found in filename
Spring 2022 Supersized 05,E8JCTKy9_nDngC34hZC3NTzt6Ce,N/A,05,Number not found in filename
Super05,F0MlQkXovs8RBLWkM1AUYHc2i5m,N/A,,Number not found in filename
S15 - Flooded,f1D7_vAwRSPLpFT4FnHuBfIXxK9,N/A,15,Number not found in filename
$3C0S$4C0pr$5D1i$6D1n$7D1g $8D11$9D18$9E2 $AE2-$BE2 T$CE2i$DE2l$EF3te$FF3d,FiggQXKg3XETSWsf4G4BGQ40yGj,N/A,18,Number not found in filename
T09 1-forward,Fk1OtSrmQCq4f6cEl5_672bEI0g,N/A,19,Number not found in filename
Spring 2023 - Section 3 Joined,jMvMXRZRl55m98aFKGJdwMGgotl,N/A,,Number not found in filename
$<S15$> - CarSnow,npazv7VXWBz6LiqGyv6D9OTxxVh,N/A,15,Number not found in filename
Winter 2024 - Section 11 Joined,vqqXf58PCgLgwzpKAxeTb1mTIF8,N/A,,Number not found in filename
S01 cpless,140NbrLHRt3OtsRupsyvIDjS9Gd,N/A,01,Number not found in filename
$<T06$> - CarDesert,50j1XfQWeETK1ZEbJbyIRBDWfT9,N/A,16,Number not found in filename
Winter 2024 - Section 12 Joined,55Mlp9E6lJYFJjCpoxaLj6oTeW,N/A,,Number not found in filename
Training - Green Combined,9m7TiYVakrH6JM5La1EPI_D60Om,N/A,,Number not found in filename
Spring 2023 - Section 10 Joined,djmfkwTKa4RWgwxze4hamsPHXGe,N/A,,Number not found in filename
Winter 2023 - There&Back 20 (unvalidated),Obpa020ZES5c0rpWkyi7Lk1QI2n,N/A,20,Number not found in filename
YEET T07,ppcX3V0pzdefyaDncAagM991x7g,N/A,17,Number not found in filename
Fall 2022 - There&Back 06,Pw2QtRf_YQnbZ1A2fyHN2He8kNc,N/A,06,Number not found in filename
GrassHopper [EASY MODE],TtfQ3Gkn0dhHkyoF6ISqTk4ZQb9,N/A,,Number not found in filename
T05 CP1 is End,_Qk04gJQg6y2sVA9S0vLTOUxcNi,N/A,15,Number not found in filename
YEET T05,3B8F8CPiyjdatUiPBucD31O9pc9,N/A,15,Number not found in filename
Wood S05,9DNwpEAsGAwM59dp4e10xLRqFpb,N/A,05,Number not found in filename
Fall 01 (Mirror),C2Zzj5ScSQTEcGF7MTjPQMlsC3e,N/A,01,Number not found in filename
Icy RR Winter 2023 10,CNar4sMMjVlrOwC88cbXpMclkU3,N/A,10,Number not found in filename
Spring 2022 Supersized 02,dHxf2XG9GexuDxhlCBTolgcNcPf,N/A,02,Number not found in filename
Icy RR Winter 2023 17,Dk_Lrhs1RGnudWJka3NwRutQQNf,N/A,17,Number not found in filename
Spring 2020 - S05 FreeWheel,EuXqGWUjdoExgOTyuf5Va2iQ8Ph,N/A,05,Number not found in filename
T05 (1-DOWN),Fq16FjBpVp5CED5CN4ZQxitpEvi,N/A,15,Number not found in filename
$w$i$o$s$ff0S$fffummer $0ffF$fffrost (SnowCar),GZrfAUEQBUMxE9wOTPgvZbL4vgg,N/A,,Number not found in filename
Summer 2021 - Black Combined,h477Ml_ce4UwpHD07uYXWvO3KKg,N/A,,Number not found in filename
$<S08$> - CarSnow,iTg3qvA7uqNSWx2StzVLAqdNEDd,N/A,08,Number not found in filename
S08 CP-Boost,iVcFTezwKfSgSsRFgSHzK993hFe,N/A,08,Number not found in filename
Spring 2023 - There&Back 16,myrhdaOWrgX2Y6907b7RZxE8P3a,N/A,16,Number not found in filename
S06 (1-UP),uiiyH56KAL5cajRulXxXAvZ5fu6,N/A,06,Number not found in filename
Red BOSS Winter 2024,x7nYup94XJ9qWcx3Jrhd_QKomYf,N/A,,Number not found in filename
Green BOSS Winter 2024,4IdTugcwugaqjZGAF3P_mBwqLVj,N/A,,Number not found in filename
S10 1-forward,Jcg42XmyWD4n9zetxClLRoEoRr5,N/A,10,Number not found in filename
Spring 2024 09 Supersized,jkj7iVZQPFSERA5q3yYyCjDekym,N/A,09,Number not found in filename
Summer 2023 - There&Back 18,KQ0JPVwTTUqJtqkfVHuVIb4omjd,N/A,18,Number not found in filename
$<T10$> - CarRally,mP3dszuTDi94B28UB40co2iWWT4,N/A,20,Number not found in filename
Icy RR Winter 2023 03,Nj3F3QF3fZybSCkbFEvp2dmNLY9,N/A,03,Number not found in filename
S13 Reverse,RCni2mkdjnc_fJmD4jfWTjEQhHm,N/A,13,Number not found in filename
Wood S03,sdYS5ECgVo6LY9WyVhySXLo7Dqk,N/A,03,Number not found in filename
T02 1-forward,wA60lIIQZGs0cdKTnATZ_3mgIVb,N/A,12,Number not found in filename
S15 CP-Boost,WevLyxlOGneqn0ANcWXnKJ1vCPb,N/A,15,Number not found in filename
$w$i$o$s$ff0S$fffummer $0ffF$fffrost - Reverse,WGddTWqJftV4m7sJJ3d15VVr7ac,N/A,,Number not found in filename
Icy T08,k6cq8tVHoj4dz8gJnyl928S5f19,N/A,18,Number not found in filename
[Rally] S15 - CP1 is End,MKmrk2olG1yMzt3accYyyuIyho5,N/A,15,Number not found in filename
YEET T04,OodSwc73VXF0ZHmIKXTpasL0w3l,N/A,14,Number not found in filename
TinyGap [EASY MODE],RnzKp9lkGJwFbiGfRrzZUhEYFha,N/A,,Number not found in filename
S02 (1-DOWN),zxdkiE_zdf02sJfBofP_X5V6bzf,N/A,02,Number not found in filename
$w$i$o$s$ff0S$fffummer $0ffF$fffrost (Carswitch DesertCar),ZXR8mWO1nfa5P96EzvA_uNfz_80,N/A,,Number not found in filename
Spring 2023 - Section 9 Joined,_eYg8xGLm29ezcjWK27Kideh6Bf,N/A,,Number not found in filename
Fall 05 (Mirror),_T81qasxa3C4uOAyp9bbuPyk6K1,N/A,05,Number not found in filename
Fall 2022 - There&Back 08,EuV2fSIFX7fp1dguU115oXHxL21,N/A,08,Number not found in filename
Fall 2022 - There&Back 25,Ik_uari3_z5Fit2euSFbD9nT_x8,N/A,25,Number not found in filename
Fall 2022 - There&Back 22,jaYFxUU_Y0GIshJf3AiftLXJPw3,N/A,22,Number not found in filename
T03 CP-Boost,kTZknHMdWNoWuS6MpFfDtRCGTB1,N/A,13,Number not found in filename
Wood T04,kx5OpUW19SnWCPUeH8w1hTUwRjd,N/A,14,Number not found in filename
YEET S12,uKT9nJ6UmDk9szrnAXJRwOzASpj,N/A,12,Number not found in filename
$3C0S$4C0pr$5D1i$6D1n$7D1g $8D10$9D19$9E2 $AE2-$BE2 T$CE2i$DE2l$EF3te$FF3d,Yk44ewnJsusntgXdeTOchLHIuDj,N/A,09,Number not found in filename
BOSS Green of Spring 2023,Yuv9q_h40C0AdXHktmZmoAiMO8e,N/A,,Number not found in filename
$<T02$> - CarDesert,_bEWBPgEyMIFguGAj_PmaMafup2,N/A,12,Number not found in filename
T03 Short,78GgG69LaftlzkL0gadTX5SzFia,N/A,13,Number not found in filename
Fall 2023 - Section 1 Joined,7Ci3L0eaWTg7BhkVYwZl8BhvMJa,N/A,,Number not found in filename
S14 STTF,dmJOqNdiIOyZYoFX5wFRTNMXeY8,N/A,14,Number not found in filename
Icy RR Winter 2023 21,dRlpx8bKcfmTNiFECoXZIi0eWt0,N/A,21,Number not found in filename
Summer 2024 - Replay 01,IdcvfsFWe_qp5Jl8lH1cEn4lJGg,N/A,01,Number not found in filename
$<T09$> - CarSnow,jOUyNZ0iCaUMirZUx5vRs7YWpe9,N/A,19,Number not found in filename
Wood S12,m1JM2N9b1Le9anUUErvn3sJ2jSi,N/A,12,Number not found in filename
Fall 09 (Mirror),OtDL27OZWHHSgtaEbNoxEmLRcG4,N/A,09,Number not found in filename
Fall 2022 - There&Back 11,PNKmq_IwGzXp6semr0qgOK41Ji2,N/A,11,Number not found in filename
T02 (1-DOWN),qFdU98c52kwgmzJ4O8K9xG4JX83,N/A,12,Number not found in filename
Fall 13 (Mirror),x6j2uaSk69NRnFGIXVdvhanJhAk,N/A,13,Number not found in filename
S08 - Flooded,1fnMABfZKIMP3NKfyFPlghxujr,N/A,08,Number not found in filename
T09 (1-DOWN),1JTNg6P7xQCHzT8NQzH_wzIjDI,N/A,19,Number not found in filename
T04 CP1 is End,9I1Kpd56jAs49AY2xvGQkbHrKxg,N/A,14,Number not found in filename
$w$i$o$s$ff0S$fffummer $0ffF$fffrost (CS-RC),dqdaDrvxxfcKbbVvMNy70puxKfl,N/A,,Number not found in filename
S04 1-forward,pT2fkcwB8XGcanFI1o83UXkeC0f,N/A,04,Number not found in filename
S13 Short,QtA7TfbSAPFh0wDv4cCyuJxXUHf,N/A,13,Number not found in filename
$<T02$> - CarRally,rLVf4cuHrXpdnJEVAT_9kE3NS35,N/A,12,Number not found in filename
Summer 2021 - Blue combined,rRfQ0KpcRPLBm3AUt02QF5_qlMj,N/A,,Number not found in filename
S12 1-forward,uLkV8OIO7_WOk2cH6mOafqoRWMa,N/A,12,Number not found in filename
Spring 2023 - There&Back 25,uq4GDC9LMcsFgxA8xKOFjhzQAQ5,N/A,25,Number not found in filename
T01 CP1 is End,xfkxcfNZBB68nIaUZzuAZyzK2Dj,N/A,11,Number not found in filename
T09 - Flooded,6zg7O_CvX1m8alaeEwYJ6NGLAQ,N/A,19,Number not found in filename
Spring 2022 Supersized 15,dmlJ_OdeclVDJeIaG_lM85kgnH7,N/A,15,Number not found in filename
S01 Short,HT4amupRgUY3gdErMbcyN6n5fF0,N/A,01,Number not found in filename
$<S08$> - CarRally,IaEZS04q_VDdDlqOKp1Z6RFTIpm,N/A,08,Number not found in filename
Fall 2021 23 Big,IKItnHiuVbHYsUZ1Hi_M7xpR9K7,N/A,23,Number not found in filename
Fall 2021 01 Straight,JJgkeHHlagnUT6wkG1Rly4gb8Gg,N/A,01,Number not found in filename
Icy RR Winter 2023 15,lkStha4pG8Z5XTltojtO7hHGIF5,N/A,15,Number not found in filename
T05 - Sky Finish,tQ5KzxUH2ejuWWf0Efwm6u5Lcv9,N/A,15,Number not found in filename
S13 - Sky Finish,0L2NvQ3wOFnMasMA9QYnuX2EOed,N/A,13,Number not found in filename
T03 CP1 is End,0YO_0Hrrv0Pj69oyDMkVRHWet2l,N/A,13,Number not found in filename
S01 - Flooded,2wMyeija6i6PwEEOxmd6SLG2LE5,N/A,01,Number not found in filename
Super03,3h8HjMcBWWMuRwN0aE8Wc4fVx2g,N/A,,Number not found in filename
Fall 2022 - There&Back 16,jDfepft7Olr7IJE1Zf_Or5i5Iy5,N/A,16,Number not found in filename
Fall 22 (Mirror),kVNDGhfcsx24hQ48XCW7492khu4,N/A,22,Number not found in filename
T04 - Flooded,ma_3AJESest4iVLAFo5WthTqkG5,N/A,14,Number not found in filename
Spring 2022 Supersized 01,qvYXBBaYLF4IO9zAZ6QCfokcTdk,N/A,01,Number not found in filename
Summer 2024 - Replay 09,rsSRsMKdvBssSupW5k1okjBj7v8,N/A,09,Number not found in filename
S07 RNG Booster,suvF4BMxx9qkWHF96yfAcq2LxR0,N/A,07,Number not found in filename
T01 - Flooded,y6FYFrB0rGk3GaQTxy6ZpK7vEv2,N/A,11,Number not found in filename
S07,yPwO3xovgk8MbHOpHj3ydndGSi8,N/A,07,Number not found in filename
S07 - Flooded,0yDE7viagn67QiV39qQjVlIXlb6,N/A,07,Number not found in filename
Winter 2022 - White Combined,3buGmMQbHTH39PLP3Hiiayyupfd,N/A,,Number not found in filename
Winter 2024 - Section 6 Joined,daW6X1rv1d3hreVl3CE5UToVOcj,N/A,,Number not found in filename
T04 Short,eyRFum2tNSzdI8yuVPi_1ucpkZm,N/A,14,Number not found in filename
S13 STTF,mMU4Hb5mw5zL8JswJVNyZjpYTRb,N/A,13,Number not found in filename
S03 (1-UP),NR5H4yORTABkVjZ4ongINo5L8d2,N/A,03,Number not found in filename
T09 CP-Boost,OgTLK5Vz3Yya_EM9xX01cThtYN4,N/A,19,Number not found in filename
$3C0S$4C0pr$5D1i$6D1n$7D1g $8D12$9D15$9E2 $AE2-$BE2 T$CE2i$DE2l$EF3te$FF3d,Y2A7nfrlRj5rClQcsuIOpPO_J08,N/A,25,Number not found in filename
Spring 2023 - There&Back 14,zcbjr06roxweDRFys2B4eGvV3Eh,N/A,14,Number not found in filename
[Rally] T10 - CP1 is End,zztzb5R88415k6vM8osLewvN_3k,N/A,20,Number not found in filename
Super01,2SbX9YGOeEo9OVFErIZYzYGRjh5,N/A,,Number not found in filename
Fall 2021 19 Big,6qdnWoC1rqvXdEWGSYngW5ImM60,N/A,19,Number not found in filename
Fall 16 (Mirror),6Tf72HnG0eHP49EBN5vNUn6Iza3,N/A,16,Number not found in filename
S03 STTF,ClQwX0cj_WI1PzQn_d65LEqoorc,N/A,03,Number not found in filename
Spring 2022 Supersized 07,GAI8bbeySTzwp6xZy0ivcsbZV4f,N/A,07,Number not found in filename
YEET T08,KE1Rsjjpetfjgs4YcdOa_STGVv4,N/A,18,Number not found in filename
$<T03$> - CarSnow,M65deJqpUDduJ6mR6TjZp4oBJU6,N/A,13,Number not found in filename
$<T01$> - CarSnow,VtCpRQTgBdZ2TaFixbpYhkYgFlc,N/A,11,Number not found in filename
S15 RNG Booster,G15nFjtFzN7BhRAz73s7WuWk9ed,N/A,15,Number not found in filename
Summer 2021 - Red Combined,Ij2AfxCO9SBLuNpPWZ_Tw_2IXa9,N/A,,Number not found in filename
YEET T01,m10wUVa7yULtj8Sac047vot9pCm,N/A,11,Number not found in filename
Super25,QfVhvf2NisC80Sn44siqqSBCWBi,N/A,,Number not found in filename
Spring 2022 Supersized 23,rTq9Y0GkhwOHiWxparV2ydngZBd,N/A,23,Number not found in filename
Icy T02,UexQIvDHx6Fg5Tcbqik_cXyS1Ph,N/A,12,Number not found in filename
Winter 2023 - There&Back 02,V3_XueFfXB_8hYs_U1pmvuuZqG2,N/A,02,Number not found in filename
Summer 2023 - There&Back 19,vEJ8gePua6PSEOhRDPD2mK7ioc6,N/A,19,Number not found in filename
Spring 2023 - There&Back 17,WNoV1iS4AQDV5b9caGw8KgA0UGg,N/A,17,Number not found in filename
Icy S09,XlNwqmov6ijpNUAKjpp35dg8G5j,N/A,09,Number not found in filename
Wood T08,1H9ape6irOTwr57HNZALBnHCR7c,N/A,18,Number not found in filename
S11 CP-Boost,hKNwRq0b8RP8AKvzgbt_tRFVeD3,N/A,11,Number not found in filename
[Rally] S03 - CP1 is End,IvkbYd9dj5q3HDfXclByJLuMHqc,N/A,03,Number not found in filename
Spring 2023 - There&Back 10,JIdWY3hZebpz5qULtPAzWAhAE25,N/A,10,Number not found in filename
T02 STTF,PES3HvLIu5C0Cw0BqYHXdwhT6oh,N/A,12,Number not found in filename
$3C0S$4C0pr$5D1i$6D1n$7D1g $8D10$9D15$9E2 $AE2-$BE2 T$CE2i$DE2l$EF3te$FF3d,SUljYCob4SOZGrC8PSX66d7GOZj,N/A,05,Number not found in filename
$<S12$> - CarRally,wDTzDLOa5F_hO6Ch1bCaghK9b3j,N/A,12,Number not found in filename
$w$i$o$s$ff0S$fffummer $0ffF$fffrost $zMagnet,WqoHF4_W0qfXNl2zUU5zSzZ07xa,N/A,,Number not found in filename
Summer 2023 - There&Back 23,yxKaSFHyRU9HWcq0FEZ93FllYtk,N/A,23,Number not found in filename
$<T07$> - CarRally,1hMApbn87oifDit0Sn8Dx8HYahm,N/A,17,Number not found in filename
YEET S06,8NWIEujtlJ0YjbTHVd91NDKraM2,N/A,06,Number not found in filename
T07 1-forward,B5ydAld58f9FJ1X0lffFKxbIHrc,N/A,17,Number not found in filename
Fall 2023 - There&Back 18,bxT2pO2o6MiS69wRfpdYBVQ4G7l,N/A,18,Number not found in filename
Summer 2024 - Replay 21,c5J8klRLe2radiz4B99kEC8kIQd,N/A,21,Number not found in filename
$<T03$> - CarRally,g3U0w3YFeT587NIufRTpGnk9P13,N/A,13,Number not found in filename
$<T01$> - CarDesert,GLh6tZmQMub7ybLsWdEr37PjWf4,N/A,11,Number not found in filename
T10 (1-DOWN),id0WIE4diKWz4zsl5Tw9LbWgMb2,N/A,20,Number not found in filename
Fall 2023 - There&Back 07,ii7PXsfC4vICsp4bwRFb9eIQsPb,N/A,07,Number not found in filename
T07 cpless,iplFZJj0520ILCtyet1vBXDuymf,N/A,17,Number not found in filename
Spring 2022 Supersized 09,NSyQvp14reU9_XmEZ8Y3AsfImzd,N/A,09,Number not found in filename
Spring 2020 - S14 FreeWheel,X7JGTtvY44cnrZPfoP4XSJ4pkRf,N/A,14,Number not found in filename
Super07,6XcKLq30HjuG35W4_No52y3ZdQe,N/A,,Number not found in filename
Fall 2021 17 Big,7R4EoNeY1V9sqRCAQ5_JG0IWOUf,N/A,17,Number not found in filename
T09 Reverse,HJvl4Huhj92YO7Gk7PD09BFDSE,N/A,19,Number not found in filename
Fall 2022 - There&Back 09,jtq96gZUZNkb1IWQzL2pwjQx1A9,N/A,09,Number not found in filename
WaterGlider [EASY MODE],LaeOBl1qVKNf3eibap158L58Myi,N/A,,Number not found in filename
Icy S12,PsXnYGan0w8MC76_c41zZtSX6w,N/A,12,Number not found in filename
Summer 2023 - There&Back 15,S3_pbOwbLqpXNTYyeQRioRyWMSd,N/A,15,Number not found in filename
S07 1-forward,sjfv3nJVb9NeMtud45YFXtkXYK8,N/A,07,Number not found in filename
S12 Short,vsRz5I3IHdCU0mNOPZmS3mV2xzj,N/A,12,Number not found in filename
YEET S15,30onKUs3pM_p7pvM6fhf9ZkPI59,N/A,15,Number not found in filename
Fall 2022 - There&Back 07,6f6OzFIAXhXIEbFGKfXTQjBfQQm,N/A,07,Number not found in filename
Summer 2024 - Replay 14,yI8xiga1h5toR3cjtr9vL914Bof,N/A,14,Number not found in filename
Winter 2023 - There&Back 12,YqUpY2uXCXAPOEuDd3x_f59DGx1,N/A,12,Number not found in filename
Fall 10 (Mirror),YSeSIWbHsmddyl_0TiLjvxbmfF,N/A,10,Number not found in filename
Fall 2021 10 Big,1Ae2h_Q0muXXsX2rY5VAz9QxZok,N/A,10,Number not found in filename
Spring 01 But It's Sideways,3AMkzCsXb2IzOTWkeLwwPXs_AFa,N/A,01,Number not found in filename
T09 (1-UP),6YbFVKElb4Gb5ONechmdJPPdmv9,N/A,19,Number not found in filename
Summer 2024 - Replay 12,87lxbyMkmfaamZtcsEY01tERRx7,N/A,12,Number not found in filename
Summer 2023 - Section 13 Joined,DnwpZwVIHVi5Bu0q0vmNsEDQ9R7,N/A,,Number not found in filename
Spring 2023 - Section 11 Joined,Dug0kUPTuqxLbtTj4ngP3bdvbmh,N/A,,Number not found in filename
Summer 2024 - Replay 23,gB0cVtbKhhQS2i2cCGV1mBZsuNm,N/A,23,Number not found in filename
Quicksand [EASY MODE],iDFLeEpyXQtXvdMm8GCMMTke8I3,N/A,,Number not found in filename
Icy RR Winter 2023 06,ikCjPdBAMw8aWZfIZrKqwvKkWyh,N/A,06,Number not found in filename
BOSS Blue of Spring 2023,iUpGzgp7ToTw4Su6PmwbAMkGieh,N/A,,Number not found in filename
S15 Short,JN32JbliAwNtBZvbATY9WuT9nui,N/A,15,Number not found in filename
Icy T03,jTWJH1VaipXjDYQGCcKMQoFLkEh,N/A,13,Number not found in filename
[Rally] T08 - CP1 is End,t5RoFjH4UDKpyBalp97A_qC0tUe,N/A,18,Number not found in filename
Winter 2023 - There&Back 19,ukaWH4d0znHUoXLrMJwFVeNH260,N/A,19,Number not found in filename
S06 RNG Booster,zkwBojLWW2wYrwX668pvwEWaYba,N/A,06,Number not found in filename
Wood T05,_3FrrjWzmBLBHpNM_KTqg3H4Gvi,N/A,15,Number not found in filename
Wood T10,1_tNw6QkjNRU7GTEfEn2Wh27pTg,N/A,20,Number not found in filename
Super04,57pa9XDvv6o3tiAl7zO7CTULZW1,N/A,,Number not found in filename
Icy RR Winter 2023 24,9nc67Wz6xR8CSDc953KigqRGsob,N/A,24,Number not found in filename
T05 (1-UP),FUb6O9Ui50lMC587OgvqvCLSRe2,N/A,15,Number not found in filename
Summer 2023 - There&Back 11,HVZ_LoXpcAYl4UWsq79gdUjCGKg,N/A,11,Number not found in filename
Training - Black Combined,iAWlRXALZuKmitSu5XgYo4r8fuf,N/A,,Number not found in filename
Fall 2023 - There&Back 12,IchkWIeJIH8WCDHo29xQh6OOlYa,N/A,12,Number not found in filename
Turnover [EASY MODE],N59qxLqGuQyDVx54uM_erOa8iIi,N/A,,Number not found in filename
$3C0S$4C0pr$5D1i$6D1n$7D1g $8D11$9D16$9E2 $AE2-$BE2 T$CE2i$DE2l$EF3te$FF3d,ovshdDAvYs8h7KIQl2Avr7cdjt9,N/A,16,Number not found in filename
S06 but you need to get onto the surfaceless blocks,R5Af1qdCsVnBcaSDRx7vfoQLY04,N/A,06,Number not found in filename
S07 CP1 is End,wPH3MpGhjG0lL4wCCOnAtmm24U6,N/A,07,Number not found in filename
Spring 01 But honey I shrunk the car,3yGF6Yif_2CUdHLajRY1Wqetv9e,N/A,01,Number not found in filename
T06 1-forward,5ebLeJ_iell5fuF4Ivyq1hOs4zm,N/A,16,Number not found in filename
Fall 2023 - There&Back 10 (Unvalidated),adDcQyHrzYz29iKWHi4c9OtC_A4,N/A,10,Number not found in filename
Icy S02,ATP_cdBDu5fqvR38Otml24p6nQ8,N/A,02,Number not found in filename
Super08,cOY6qJxrQjkcpg3cprceer82nke,N/A,,Number not found in filename
Summer 2024 - Replay 05,F3MlgMVwj3fkYqlW2QYdqQPCikl,N/A,05,Number not found in filename
S01 1-forward,HEbl5Ck0_8TpUE2iRWPChNZQW0m,N/A,01,Number not found in filename
$<S07$> - CarRally,HGDj4mG_t9EFSoLpQg_HmFQh7pa,N/A,07,Number not found in filename
Summer 2023 - Section 10 Joined,lq0xOeNuYLJm1qx33laAM53eHkh,N/A,,Number not found in filename
YEET T02,MOKYz6ypMvVUBANRTO6Zjj0UlBl,N/A,12,Number not found in filename
Fall 2021 11 Big,UAGtSaDvUx4F8FnfcTykXd0Y3Q2,N/A,11,Number not found in filename
Spring 2020 - T10 FreeWheel,8G86ke2dqTHdbmBuJNU1u3d7an,N/A,20,Number not found in filename
T08 Short,A_eZvDkXvz1Xm0of_p2y_t4vZRi,N/A,18,Number not found in filename
Icy S15,DiJcg0vXEHwcaTO8rJoxeKOBmrf,N/A,15,Number not found in filename
Fall 2021 08 Big,pZVu6Tk7ZuWXBOGGNWCg3EwyDZ7,N/A,08,Number not found in filename
$<T05$> - CarDesert,QCu2JWpw0tnsjNY2BvFviM1AEVl,N/A,15,Number not found in filename
Winter 2024 - Last Section Joined,8e5ErEQJ4eZxTSRDPmp8L21Vqld,N/A,,Number not found in filename
Fall 2022 - There&Back 23,9PelOWzDiVaJ88gyX3B_ZXyjzS4,N/A,23,Number not found in filename
Fall 01 (BLIND),bH3djwuAhzBA4teqjyYYSvfjeye,N/A,01,Number not found in filename
Fall 2021 02 Big,GMTJnrOWvJmqZa3dcqSNFluNCMl,N/A,02,Number not found in filename
Icy S14,KYJ9ux23gdtBznoiH8E4bY9Kckh,N/A,14,Number not found in filename
S01 CP-Boost,pjNVrA7U2l84ncXKD9YAbGxjgc8,N/A,01,Number not found in filename
S02 cpless,Umpfglh5wQlqeFrEe1SRSsU58Vl,N/A,02,Number not found in filename
Airwalk - Podium,_nrHM7usZfzlEsuz_aDGuV_ynGh,N/A,,Number not found in filename
$3C0S$4C0pr$5D1i$6D1n$7D1g $8D11$9D12$9E2 $AE2-$BE2 T$CE2i$DE2l$EF3te$FF3d,2Vsxn1fJaMTDPMlmIlWqP2lNN49,N/A,12,Number not found in filename
Fall 2023 - Section 14 Joined,f_RMGITeapvxtmlLEHjHWFdsti5,N/A,,Number not found in filename
Black BOSS Winter 2024,geLpGQ0J8UtUSieUDtW4wkORh79,N/A,,Number not found in filename
$3C0S$4C0pr$5D1i$6D1n$7D1g $8D10$9D16$9E2 $AE2-$BE2 T$CE2i$DE2l$EF3te$FF3d,liEQ8PrqLsL0wnOVzoDdygIFxZ3,N/A,06,Number not found in filename
Spring 2022 Supersized 04,OfkfIuJ2dJYjHUGV21MviuRSry0,N/A,04,Number not found in filename
Spring 2023 - There&Back 09,OMqD7jSm5uW0FQGGx3R6ldIpCMm,N/A,09,Number not found in filename
$3C0S$4C0pr$5D1i$6D1n$7D1g $8D10$9D14$9E2 $AE2-$BE2 T$CE2i$DE2l$EF3te$FF3d,PdLl6wLthT7EblIZvHmmy3v544e,N/A,04,Number not found in filename
BOSS Red of Spring 2023,R4v9zuUwGCLZQySP4vttGl2lvmc,N/A,,Number not found in filename
$<T07$> - CarSnow,SqS92cxl9sQvCK1NWHL0W0hEYnf,N/A,17,Number not found in filename
T02 CP1 is End,5Fb3MQRwHEXIWFxFWu6BmmfJze3,N/A,12,Number not found in filename
S13 - CarDesert,byAdlSPUixwdbV8ysDhaIJ133Rl,N/A,13,Number not found in filename
$<S05$> - CarDesert,HF2Mt8_e02b7ou7hhzymtBEqbU4,N/A,05,Number not found in filename
YEET S03,MxYx0IgIRY6FloP5FapalrBNIs7,N/A,03,Number not found in filename
S14 Boosterless,snlnDwGjrNRI0K7kWoOTOtIAkNc,N/A,14,Number not found in filename
$<S02$> - CarRally,W4guH0sxoN3kjiPGu3FMrgLgH9f,N/A,02,Number not found in filename
Spring 2022 Supersized 03,WIDZu2iocXoqakVU6ZuvtzB5G60,N/A,03,Number not found in filename
Winter 2024 - Section 5 Joined,0kpBJVLDb78TKVoeV59WgY8QLr4,N/A,,Number not found in filename
$<S04$> - CarSnow,25lIvHC94CgPNOWhbANuHX_y3Zb,N/A,04,Number not found in filename
T03 (1-UP),6yMJP466vRCBAlnY8Btbl5e2YQ4,N/A,13,Number not found in filename
Wood S06,CArxydNK9Ai9IYiscJkwqI6veGb,N/A,06,Number not found in filename
Icy RR Winter 2023 13,IxhMYeW9o9i4jw6bVPpEtX5_Sx4,N/A,13,Number not found in filename
Fall 2021 - Red Combined,lG_OWWTWrr3kdCjYEGqcC5rwdm0,N/A,,Number not found in filename
Fall 2023 - Section 9 Joined,tSnw6eL86IUU3liPc6U0BvZ8t82,N/A,,Number not found in filename
S09 STTF,WmKtw2NLmVXF011wNG7dAvCm3n6,N/A,09,Number not found in filename
Winter 2023 - There&Back 18,8sgzqPgj9UQEm6H9lgv7FvUdP51,N/A,18,Number not found in filename
Super14,B3lkxDtwBvU_Q5xmCsqDAI1es1c,N/A,,Number not found in filename
Summer 2023 - Section 8 Joined,dTzWv34wUie12QLGqarJafsbv00,N/A,,Number not found in filename
Winter 2024 - Section 7 Joined,esvYObyAtkDzgcn1bAt0qqQRrxe,N/A,,Number not found in filename
Super17,h5hWa8bPmo6ngO0YQzNcNhnmzxh,N/A,,Number not found in filename
Winter 2023 - There&Back 07,hhDOTQjXGK_2X072_7PdNaaX1D0,N/A,07,Number not found in filename
T05 1-forward,jlS_gVfX8PWOvUV1C5MZsgTRVnj,N/A,15,Number not found in filename
YEET T10,O0gZRXimukPaWh_XSa2WCPJAAab,N/A,20,Number not found in filename
S09 CP1 is End,Oicna8yc1BKsbfFtD4hi3aTl36b,N/A,09,Number not found in filename
Winter 2022 - Green Combined,QaaqxjhrQ0_U7sk80l0toQuX4Yk,N/A,,Number not found in filename
Fall 2023 - There&Back 17,rKeE9FgYpkvmpPEPQv7QZtMjmga,N/A,17,Number not found in filename
$3C0S$4C0pr$5D1i$6D1n$7D1g $8D11$9D14$9E2 $AE2-$BE2 T$CE2i$DE2l$EF3te$FF3d,UK9y1jYdCluNR4HYiWu872pvhn6,N/A,14,Number not found in filename
Fall 2021 06 Big,XNSgaRmby5wYdlwzQuG1jYM4W0,N/A,06,Number not found in filename
Summer 2024 - Replay 07,ZociOarQ2H0gBa4dtu6u7Lm37A8,N/A,07,Number not found in filename
S10 - Flooded,_oPv8meG_1z10INznBePRSw8bEl,N/A,10,Number not found in filename
Summer 2023 - There&Back 12,0fcnzW9HYLEkPyoZV6ieoKKeKw2,N/A,12,Number not found in filename
Summer 2023 - There&Back 24 (Unvalidated),BZdLLaaDF_aTFdvDRdYZWvQTac,N/A,24,Number not found in filename
Fall 2021 25 Big,eLzwjrjgjxzDZAzmOhadZ1hb0Gj,N/A,25,Number not found in filename
Fall 2021 - Black Combined,fJAuH0ByzKd_8PsIK4eQVPHgZ0,N/A,,Number not found in filename
S10 - Sky Finish,jQdUWCEetgOcfdc1dWezYtHcne4,N/A,10,Number not found in filename
[Rally] T04 - CP1 is End,jvEvPcxPc6Y77kdmxEb7qcgYPN4,N/A,14,Number not found in filename
S02,Wyr_1aiaLGTIkq40OkrE6jM_EG6,N/A,02,Number not found in filename
KnifeEdge [EASY MODE],wGdFL7lhBQnfFMJ9gGCFxgf4JC8,N/A,,Number not found in filename
Supersized_Spring_2024_-_05,0TWrceiPf7tAW1DPTReZKhv2tJc,N/A,,Number not found in filename
White BOSS Winter 2024,1pUs9nURD6oEcP4AkmzE4St7PAk,N/A,,Number not found in filename
S12 CP1 is End,2jm6bygIcmLOWjQguajZxw951sg,N/A,12,Number not found in filename
S13 CP1 is End,3fs2dHOCu4eAJLvpTIKyhNgpOl8,N/A,13,Number not found in filename
S07 - Sky Finish,5XJzY2GD6zWtQcXVw4ew39wKRcm,N/A,07,Number not found in filename
Winter 2023 - There&Back 17,9wxdtnGHtRTBBGblI9eFhC7ycF4,N/A,17,Number not found in filename
$3C0S$4C0pr$5D1i$6D1n$7D1g $8D10$9D12$9E2 $AE2-$BE2 T$CE2i$DE2l$EF3te$FF3d,DWsp_e6UTLFjGvXPpruVQwjbMgf,N/A,02,Number not found in filename
Fall 2023 - There&Back 23,gsvG35yfWyGcFhm_xhlnLfxcWsm,N/A,23,Number not found in filename
S15,jfVEZTOxGFyy29NusaGqg59Edjk,N/A,15,Number not found in filename
$w$i$o$s$ff0S$fffummer $0ffF$fffrost (grass),qS5u2zKTiSt8ta1NvWeKCFEDf45,N/A,,Number not found in filename
S07 STTF,rFso0B2OMiIkn5sAqfEL_PiuvXk,N/A,07,Number not found in filename
S04 - Flooded,wAc5DLqOJI2i7FdLv4bKwdYKjY2,N/A,04,Number not found in filename
Icy RR Winter 2023 14,xvATQmbC7LRSlx30C2im0z8pnig,N/A,14,Number not found in filename
S15 (1-DOWN),_Efh_bVfye_hrRrTweNEwd9TuHf,N/A,15,Number not found in filename
S02 STTF,7_DQil_oj4Tvzlvwjzd1xqyCtHg,N/A,02,Number not found in filename
T01 CP-Boost,CDFDIAnLa_qyOlB9xibZgmDIidi,N/A,11,Number not found in filename
S13-,JfR2nmgEFjNQUcsZ_0gif3U9C4k,N/A,13,Number not found in filename
S10,SmpgE2AjfPDeDIy0oNN1tz4r_yf,N/A,10,Number not found in filename
T02 CP-Boost,sqNXw7TDBUom5Jp3AcUtHU3zaMb,N/A,12,Number not found in filename
Winter 2023 - There&Back 25,unFIhx4mXTRHIqu4gxUs48R1ZW1,N/A,25,Number not found in filename
S02 Short,wrpfZMDjVJF4JNxOk3FHZ_Zyr95,N/A,02,Number not found in filename
Fall 2023 - Section 15 Joined,ATZwFsRuNraqElH9KA_AgXeVkm3,N/A,,Number not found in filename
Spring 2022 Supersized 20,eLSKMUKUWEdgGZc0_WoZxm8oEGc,N/A,20,Number not found in filename
Wood S10,JNF20UsEdmuV1CBhcXqA4j5lF93,N/A,10,Number not found in filename
Spring 2022 Supersized 17,MBHkDId74ow6tpS48cgsJnTavP0,N/A,17,Number not found in filename
S14 Short,MCb88z5pkRhgLW_IORpwqlkZ4j,N/A,14,Number not found in filename
Spring 2022 Supersized 19,oRyEobbAT1zIVFW2Wg4V_znTdzd,N/A,19,Number not found in filename
Icy RR Winter 2023 04,oWco9MwYhtqimcsyC41YF832Pj2,N/A,04,Number not found in filename
Fall 2022 - There&Back 03,OZJ0L14xX43g37T0WsyfKk3DjT4,N/A,03,Number not found in filename
Fall 2023 - There&Back 24,QbDOJtcVZY1eBVK3DncOdStDhTl,N/A,24,Number not found in filename
YEET T09,2lmjp58pjdtgGGYcgTSGNCs5tR9,N/A,19,Number not found in filename
T07 (1-DOWN),4aRMnaN7SKZfGHXoqtg9N1zB0u,N/A,17,Number not found in filename
$<S01$> - CarSnow,4vj_bykFgLraA9zNB_XBfbGmW07,N/A,01,Number not found in filename
Training - Blue Combined,8HspIq2aXPMG2AIpq0ROclbTjB8,N/A,,Number not found in filename
Winter 2023 - There&Back 11 (unvalidated),DgZ4cNaXuq8kJ74X7h6GOecAiqm,N/A,11,Number not found in filename
$<S10$> - CarRally,NrAzBFDDcZ71K7Eeb2OQSAGYfgl,N/A,10,Number not found in filename
Summer 2023 - There&Back 21,UUGqPcLQ4Jp1fy7JxWyrVtpLm92,N/A,21,Number not found in filename
Spring 2023 - There&Back 03,ZWQZO_fL_MMmCXzJNFTesCjDmL9,N/A,03,Number not found in filename
Clock Tower [EASY MODE],0llEeeUMA_otcS1c1MrpykMvaHk,N/A,,Number not found in filename
Fall 2021 22 Big,1bWOv0x_0ZRoQCDQWa4h1BZ55C4,N/A,22,Number not found in filename
Fall 2021 18 Big,cdjD7KzECoqGxeYAhjvBzUPfFog,N/A,18,Number not found in filename
Fall 2023 - There&Back 13,fzyX100_wXq265LBj8htq8asPu,N/A,13,Number not found in filename
GreenCity (SnowCar),O3yG3GAgUJPC4bsqmri_B68GoMf,N/A,,Number not found in filename
Spring 2022 Supersized 11,q8dTvLYRksWqp53sqG5uOvikym5,N/A,11,Number not found in filename
T06 - Flooded,sDw0StU2ukvsFqX6RJr2EHJ7v32,N/A,16,Number not found in filename
[Rally] S01 - CP1 is End,tzq_JiAw3D_s0JGBHNidF_rMvN1,N/A,01,Number not found in filename
T08 1-forward,u1C4hMlYpJ2wsHsUEvnU2ztV107,N/A,18,Number not found in filename
S01 (1-DOWN),ZKkzxOBKmbz4ILOwhUppnWnrzti,N/A,01,Number not found in filename
Fall 2022 - There&Back 24,_en3UuMawU_my9g05MsCm5DAHAd,N/A,24,Number not found in filename
YEET S04,7r1BRMTzUiLASKAqy5fpIOdR4cj,N/A,04,Number not found in filename
Fall 2021 05 Big,bmAned7zMkgHDnCbUyxwJZYsjye,N/A,05,Number not found in filename
Spring 2023 - There&Back 05 (Unvalidated),DuQ8MU_dZXdsPetshF02kYQ33ic,N/A,05,Number not found in filename
T10,G9IhptfgxZ1GCrO4fYirW9sKQw8,N/A,20,Number not found in filename
Winter 2023 - There&Back 04,grONLecCSdAEF0azcVtenJ5J0T,N/A,04,Number not found in filename
Fall 2022 - There&Back 19,hF2lmSR6ds_NE0_oQkagWg4tkZg,N/A,19,Number not found in filename
$<S01$> - CarRally,KKUWJy7b7GMqQn4dO6hQX0_YRQe,N/A,01,Number not found in filename
Spring 2023 - There&Back 11,nXQPittc9_UH12e8qCPzxzazN0d,N/A,11,Number not found in filename
Fall 2023 - Section 10 Joined,r7sNEAUlQXjrlZwoYjdyIaCmva5,N/A,,Number not found in filename
Fall 2023 - Section 13 Joined,yyyRdTHnShuIBF7e0i3RnxF7vt9,N/A,,Number not found in filename
T06 STTF,zDXKuSwBX3GUmAhD3lV3zzytUbc,N/A,16,Number not found in filename
Spring 2023 - There&Back 21,5pMXV5TIbYt19G7a23W4TJqmlB5,N/A,21,Number not found in filename
Winter 2022 - Red Combined,DSF8EE9aGG7PXIMAwH2ZRkVEH10,N/A,,Number not found in filename
S01 - Sky Finish,hCE3BLanTtBSi9IlyjuOYLyY861,N/A,01,Number not found in filename
$3C0S$4C0pr$5D1i$6D1n$7D1g $8D10$9D13$9E2 $AE2-$BE2 T$CE2i$DE2l$EF3te$FF3d,S0tWJlaeRkyrvo9zSaKNaCQViQ1,N/A,03,Number not found in filename
Summer 2021 - Green Combined,Zbe3jhC8a6JIXWnl6Q6SBu4kdhm,N/A,,Number not found in filename
Summer 2023 - There&Back 05,1hX2LyhWcw29Ixveel0hLlQwVt0,N/A,05,Number not found in filename
$3C0S$4C0pr$5D1i$6D1n$7D1g $8D10$9D11$9E2 $AE2-$BE2 T$CE2i$DE2l$EF3te$FF3d,IG3eqdb6_RL7f3UvVuvgSV_Qv3m,N/A,01,Number not found in filename
T05 Short,lp5bdlWUrvcOpbvp_RpU4tJOSI,N/A,15,Number not found in filename
Spring 2023 - Last Section Joined (All Ends),nE92yn1xHJcTolCAnMfNZF5bgc3,N/A,,Number not found in filename
S03 - Sky Finish,wBFzHHZcWi2X9m0TzCXWqMAiEeg,N/A,03,Number not found in filename
Summer 2024 - Replay 18,wvny0C_cryxbkiyzLHzI7IpHXXc,N/A,18,Number not found in filename
Wet Stastic,XNwn955QsvkoeeLHWoHsTy5Qf9m,N/A,,Number not found in filename
Fall 2022 - There&Back 21,ylxcxbff9yfQ32NM0Fw4nste0e9,N/A,21,Number not found in filename
Fall 2022 - There&Back 15,1a6DtEguDAP1CReFLrku2Oerix2,N/A,15,Number not found in filename
S09 - Flooded,233_UABJw9zDbfvmkDKhqNVlo9m,N/A,09,Number not found in filename
Spring 2022 Supersized 08,6Vs6uvlunOOMxC3VU1Uf_aVvlMh,N/A,08,Number not found in filename
S06 Boosterless,6XITtKWrTh3GStiXFC_5g0Xx5h4,N/A,06,Number not found in filename
Summer 2021 - White Combined,BZok3a199HjL5ovTnANB2ZLblma,N/A,,Number not found in filename
T02 - Sky Finish,f9yQ1ZMMM1P30GcWxtilGyO89Il,N/A,12,Number not found in filename
Winter 2022 - Blue Combined,FCLmK9IJ5POxemnveMI5V5nT62,N/A,,Number not found in filename
Spring 2023 - Section 2 Joined,GCcDayANjWW4cyWgQkva3aMheA3,N/A,,Number not found in filename
Fall 2023 - Section 6 Joined,hQnABBfnuLP_7buqtZuRnJS7MT7,N/A,,Number not found in filename
Icy RR Winter 2023 07,iyp5VumliCzPNFiqd2GbziA3SI7,N/A,07,Number not found in filename
Wood S07,kOTfMGz66aungCwQDHjL3kheWk8,N/A,07,Number not found in filename
S03 - Flooded,OqrdTRNzZc1ExNLbOe5BDXGsUt9,N/A,03,Number not found in filename
S01 (1-UP),PNJUH_Dtnq5YEyTemS3x0OgHBEi,N/A,01,Number not found in filename
Fall 2021 - Blue Combined,SNOa0fd68wLfj91mZ9Vdmxrc3ja,N/A,,Number not found in filename
Spring 2020 - S12 FreeWheel,TCZ8g9Yw8dOjrsCJefsbM6sKYs0,N/A,12,Number not found in filename
Spring 2022 Supersized 13,u89luYgl7ZFEdUpCNhsiuCRchB1,N/A,13,Number not found in filename
Summer 2023 - Section 7 Joined,wc7imzObYHKC23OqmBv1scTCoL7,N/A,,Number not found in filename
$<S01$> - CarDesert,_nC9baO9Qbc61oOOfhkPTXViMR8,N/A,01,Number not found in filename
S02 CP1 is End,JhPEs38gB2ZEyi62AYSNTYcHed1,N/A,02,Number not found in filename
Spring 2022 Supersized 06,Okd1VwanmsO8bawi9A26FtNnva6,N/A,06,Number not found in filename
